"Post date","Post title","Post URL","Item name","Shop URL"
"2018-12-25","Holiday Sale and so long 2018","https://kingdomdeath.com/news/mc-9a15bbdcae","Holiday Death Dice","https://shop.kingdomdeath.com/products/holiday-death-dice"
"2018-12-25","Holiday Sale and so long 2018","https://kingdomdeath.com/news/mc-9a15bbdcae","Holiday White Speaker Nico","https://shop.kingdomdeath.com/products/holiday-white-speaker-nico"
"2018-12-25","Holiday Sale and so long 2018","https://kingdomdeath.com/news/mc-9a15bbdcae","Xmas Special Pinup Twilight Knight","https://shop.kingdomdeath.com/products/xmas-special-pinup-twilight-knight"
"2018-12-25","Holiday Sale and so long 2018","https://kingdomdeath.com/news/mc-9a15bbdcae","Santa Satan","https://shop.kingdomdeath.com/products/santa-satan"
"2018-12-25","Holiday Sale and so long 2018","https://kingdomdeath.com/news/mc-9a15bbdcae","Winter Death Dice","https://shop.kingdomdeath.com/products/winter-death-dice"
"2018-12-25","Holiday Sale and so long 2018","https://kingdomdeath.com/news/mc-9a15bbdcae","Thief","https://shop.kingdomdeath.com/products/thief"
"2019-01-30","Lumbering into 2019","https://kingdomdeath.com/news/mc-996beda7a5","Skeleton Boss","https://shop.kingdomdeath.com/products/skeleton-boss"
"2019-01-30","Lumbering into 2019","https://kingdomdeath.com/news/mc-996beda7a5","Energy Potion Maker","https://shop.kingdomdeath.com/products/energy-potion-maker"
"2019-01-30","Lumbering into 2019","https://kingdomdeath.com/news/mc-996beda7a5","Death High Enforcer","https://shop.kingdomdeath.com/products/death-high-enforcer"
"2019-01-30","Lumbering into 2019","https://kingdomdeath.com/news/mc-996beda7a5","Death High Aya","https://shop.kingdomdeath.com/products/death-high-aya"
"2019-01-30","Lumbering into 2019","https://kingdomdeath.com/news/mc-996beda7a5","Cyclops Knight","https://shop.kingdomdeath.com/products/cyclops-knight"
"2019-01-30","Lumbering into 2019","https://kingdomdeath.com/news/mc-996beda7a5","Cleric","https://shop.kingdomdeath.com/products/cleric"
"2019-01-30","Lumbering into 2019","https://kingdomdeath.com/news/mc-996beda7a5","Monster 1.5 Core Game","https://shop.kingdomdeath.com/products/kingdom-death-monster-1-5"
"2019-02-14","Valentine's Takes the Cake","https://kingdomdeath.com/news/mc-e7ac776158","Valentine's Day Pinup Twilight Knight","https://shop.kingdomdeath.com/products/valentines-day-pinup-twilight-knight"
"2019-02-14","Valentine's Takes the Cake","https://kingdomdeath.com/news/mc-e7ac776158","Valentine's Day Death Dice","https://shop.kingdomdeath.com/products/valentines-day-death-dice"
"2019-02-14","Valentine's Takes the Cake","https://kingdomdeath.com/news/mc-e7ac776158","Death High Preacher","https://shop.kingdomdeath.com/products/death-high-preacher"
"2019-02-14","Valentine's Takes the Cake","https://kingdomdeath.com/news/mc-e7ac776158","Shadow Thief","https://shop.kingdomdeath.com/products/shadow-thief"
"2019-02-14","Valentine's Takes the Cake","https://kingdomdeath.com/news/mc-e7ac776158","Til Death Do Us Part","https://shop.kingdomdeath.com/products/till-death-do-us-part"
"2019-02-14","Valentine's Takes the Cake","https://kingdomdeath.com/news/mc-e7ac776158","Aries","https://shop.kingdomdeath.com/products/aries"
"2019-02-14","Valentine's Takes the Cake","https://kingdomdeath.com/news/mc-e7ac776158","Gladiator","https://shop.kingdomdeath.com/products/gladiator"
"2019-03-27","Spring Awakenings","https://kingdomdeath.com/news/mc-59d0200b7d","Spring Death Dice","https://shop.kingdomdeath.com/products/spring-death-die"
"2019-03-27","Spring Awakenings","https://kingdomdeath.com/news/mc-59d0200b7d","Lantern Guard","https://shop.kingdomdeath.com/products/lantern-guard"
"2019-03-27","Spring Awakenings","https://kingdomdeath.com/news/mc-59d0200b7d","Swashbuckler","https://shop.kingdomdeath.com/products/swashbuckler"
"2019-03-27","Spring Awakenings","https://kingdomdeath.com/news/mc-59d0200b7d","Death High - Twilight Knight (female)","https://shop.kingdomdeath.com/products/death-high-twilight-knight-female"
"2019-03-27","Spring Awakenings","https://kingdomdeath.com/news/mc-59d0200b7d","Investment Sniper","https://shop.kingdomdeath.com/products/investment-sniper"
"2019-03-27","Spring Awakenings","https://kingdomdeath.com/news/mc-59d0200b7d","Goblin Guard","https://shop.kingdomdeath.com/products/dragon-goblin-guard"
"2019-03-27","Spring Awakenings","https://kingdomdeath.com/news/mc-59d0200b7d","Flower Witch","https://shop.kingdomdeath.com/products/flower-witch"
"2019-03-27","Spring Awakenings","https://kingdomdeath.com/news/mc-59d0200b7d","Echoes of Death","https://shop.kingdomdeath.com/products/echoes-of-death"
"2019-04-22","Hop Through!","https://kingdomdeath.com/news/mc-8cd05f3b03","Easter Aya","https://shop.kingdomdeath.com/products/easter-aya"
"2019-04-22","Hop Through!","https://kingdomdeath.com/news/mc-8cd05f3b03","Easter Pinup Twilight Knight","https://shop.kingdomdeath.com/products/pinup-easter-twilight-knight"
"2019-04-22","Hop Through!","https://kingdomdeath.com/news/mc-8cd05f3b03","Easter Death Dice","https://shop.kingdomdeath.com/products/easter-death-dice"
"2019-04-22","Hop Through!","https://kingdomdeath.com/news/mc-8cd05f3b03","Estate Hero","https://shop.kingdomdeath.com/products/estate-hero"
"2019-04-22","Hop Through!","https://kingdomdeath.com/news/mc-8cd05f3b03","Death High - Miko","https://shop.kingdomdeath.com/products/death-high-miko"
"2019-04-22","Hop Through!","https://kingdomdeath.com/news/mc-8cd05f3b03","Archivist","https://shop.kingdomdeath.com/products/archivist"
"2019-04-22","Hop Through!","https://kingdomdeath.com/news/mc-8cd05f3b03","White Knight","https://shop.kingdomdeath.com/products/white-knight"
"2019-05-15","Welcome to Death High","https://kingdomdeath.com/news/mc-a84323d1c3","Bullet Dancer","https://shop.kingdomdeath.com/products/bullet-dancer"
"2019-05-15","Welcome to Death High","https://kingdomdeath.com/news/mc-a84323d1c3","Death High - Visionary","https://shop.kingdomdeath.com/products/death-high-visionary"
"2019-05-15","Welcome to Death High","https://kingdomdeath.com/news/mc-a84323d1c3","Azure Knight","https://shop.kingdomdeath.com/products/azure-knight"
"2019-05-15","Welcome to Death High","https://kingdomdeath.com/news/mc-a84323d1c3","Royal Chambermaid","https://shop.kingdomdeath.com/products/chambermaid"
"2019-05-15","Welcome to Death High","https://kingdomdeath.com/news/mc-a84323d1c3","Death High - Aya","https://shop.kingdomdeath.com/products/death-high-aya"
"2019-05-15","Welcome to Death High","https://kingdomdeath.com/news/mc-a84323d1c3","Death High - Enforcer","https://shop.kingdomdeath.com/products/death-high-enforcer"
"2019-05-15","Welcome to Death High","https://kingdomdeath.com/news/mc-a84323d1c3","Death High - Preacher (male)","https://shop.kingdomdeath.com/products/death-high-preacher-male"
"2019-05-15","Welcome to Death High","https://kingdomdeath.com/news/mc-a84323d1c3","Death High - Preacher (female)","https://shop.kingdomdeath.com/products/death-high-preacher"
"2019-05-15","Welcome to Death High","https://kingdomdeath.com/news/mc-a84323d1c3","Death High - Ringtail Vixen","https://shop.kingdomdeath.com/products/death-high-ringtail-vixen"
"2019-05-15","Welcome to Death High","https://kingdomdeath.com/news/mc-a84323d1c3","Death High - White Speaker","https://shop.kingdomdeath.com/products/death-high-white-speaker"
"2019-07-02","Summer Sale and the Road to Gen Con","https://kingdomdeath.com/news/mc-9f32a6a9ca","Strider Princess","https://shop.kingdomdeath.com/products/strider-princess"
"2019-07-02","Summer Sale and the Road to Gen Con","https://kingdomdeath.com/news/mc-9f32a6a9ca","Hospitalar","https://shop.kingdomdeath.com/products/hospitalar"
"2019-07-02","Summer Sale and the Road to Gen Con","https://kingdomdeath.com/news/mc-9f32a6a9ca","Death High - Archivist","https://shop.kingdomdeath.com/products/death-high-archivist"
"2019-07-02","Summer Sale and the Road to Gen Con","https://kingdomdeath.com/news/mc-9f32a6a9ca","Summer Death Dice","https://shop.kingdomdeath.com/products/summer-death-dice"
"2019-07-02","Summer Sale and the Road to Gen Con","https://kingdomdeath.com/news/mc-9f32a6a9ca","Necromancer Boss","https://shop.kingdomdeath.com/products/necromancer-boss"
"2019-07-02","Summer Sale and the Road to Gen Con","https://kingdomdeath.com/news/mc-9f32a6a9ca","Ammo Slave","https://shop.kingdomdeath.com/products/ammo-slave"
"2019-07-02","Summer Sale and the Road to Gen Con","https://kingdomdeath.com/news/mc-9f32a6a9ca","White Speaker Boss","https://shop.kingdomdeath.com/products/white-speaker-boss"
"2019-07-02","Summer Sale and the Road to Gen Con","https://kingdomdeath.com/news/mc-9f32a6a9ca","Sunstalker Infant","https://shop.kingdomdeath.com/products/sunstalker-infant"
"2019-08-16","Post Gen Con Sale","https://kingdomdeath.com/news/mc-060f320715","Sci-fi Erza","https://shop.kingdomdeath.com/products/sci-fi-erza-1"
"2019-08-16","Post Gen Con Sale","https://kingdomdeath.com/news/mc-060f320715","Vignette of Death: White Gigalion","https://shop.kingdomdeath.com/products/vignette-of-death-white-gigalion"
"2019-08-16","Post Gen Con Sale","https://kingdomdeath.com/news/mc-060f320715","Echoes of Death 2","https://shop.kingdomdeath.com/products/echoes-of-death-two"
"2019-08-16","Post Gen Con Sale","https://kingdomdeath.com/news/mc-060f320715","Novice","https://shop.kingdomdeath.com/products/novice-1"
"2019-08-16","Post Gen Con Sale","https://kingdomdeath.com/news/mc-060f320715","Sword Hunter","https://shop.kingdomdeath.com/products/white-speaker-sword-hunter-wb"
"2019-08-16","Post Gen Con Sale","https://kingdomdeath.com/news/mc-060f320715","Ringtail Vixen","https://shop.kingdomdeath.com/products/ringtail-vixen-wb"
"2019-08-16","Post Gen Con Sale","https://kingdomdeath.com/news/mc-060f320715","Art Prints by Lokman","https://shop.kingdomdeath.com/products/art-prints-by-lokman-lam"
"2019-08-16","Post Gen Con Sale","https://kingdomdeath.com/news/mc-060f320715","Dung Beetle Knight T-Shirt","https://shop.kingdomdeath.com/products/dung-beetle-knight-t-shirt"
"2019-10-09","10th Anniversary Sale","https://kingdomdeath.com/news/mc-358105a3ef","10th Anniversary Survivors","https://shop.kingdomdeath.com/products/10th-anniversary-survivors"
"2019-10-09","10th Anniversary Sale","https://kingdomdeath.com/news/mc-358105a3ef","10th Anniversary White Speaker","https://shop.kingdomdeath.com/products/10th-anniversary-white-speaker"
"2019-10-09","10th Anniversary Sale","https://kingdomdeath.com/news/mc-358105a3ef","Libra","https://shop.kingdomdeath.com/products/libra"
"2019-10-09","10th Anniversary Sale","https://kingdomdeath.com/news/mc-358105a3ef","Death High - Dragon Sacrifice","https://shop.kingdomdeath.com/products/death-high-dragon-sacrifice"
"2019-10-09","10th Anniversary Sale","https://kingdomdeath.com/news/mc-358105a3ef","Last Bard","https://shop.kingdomdeath.com/products/last-bard"
"2019-10-09","10th Anniversary Sale","https://kingdomdeath.com/news/mc-358105a3ef","Fall Death Dice","https://shop.kingdomdeath.com/products/fall-death-dice"
"2019-10-31","Halloween Sale!","https://kingdomdeath.com/news/mc-b6c48f5383","Oktoberfest Aya","https://shop.kingdomdeath.com/products/oktoberfest-aya"
"2019-10-31","Halloween Sale!","https://kingdomdeath.com/news/mc-b6c48f5383","Halloween White Speaker - Hard Plastic","https://shop.kingdomdeath.com/products/halloween-white-speaker-1"
"2019-10-31","Halloween Sale!","https://kingdomdeath.com/news/mc-b6c48f5383","Death High - Disciple of the Witch One","https://shop.kingdomdeath.com/products/death-high-disciple-of-the-witch-one"
"2019-10-31","Halloween Sale!","https://kingdomdeath.com/news/mc-b6c48f5383","Thrall","https://shop.kingdomdeath.com/products/thrall"
"2019-10-31","Halloween Sale!","https://kingdomdeath.com/news/mc-b6c48f5383","Devil Satan","https://shop.kingdomdeath.com/products/devil-satan"
"2019-10-31","Halloween Sale!","https://kingdomdeath.com/news/mc-b6c48f5383","Halloween Death Dice","https://shop.kingdomdeath.com/products/halloween-death-dice"
"2019-10-31","Halloween Sale!","https://kingdomdeath.com/news/mc-b6c48f5383","Halloween Survivors","https://shop.kingdomdeath.com/products/halloween-survivors"
"2019-10-31","Halloween Sale!","https://kingdomdeath.com/news/mc-b6c48f5383","Halloween Pinup Twilight Knight","https://shop.kingdomdeath.com/products/plastic-halloween-pinup-twilight-knight"
"2019-11-29","Black Friday 2019","https://kingdomdeath.com/news/mc-beb31cc5e3","Black Friday Ninja - Variant","https://shop.kingdomdeath.com/products/black-friday-ninja-variant"
"2019-11-29","Black Friday 2019","https://kingdomdeath.com/news/mc-beb31cc5e3","Black Friday Female Architect","https://shop.kingdomdeath.com/products/architect"
"2019-11-29","Black Friday 2019","https://kingdomdeath.com/news/mc-beb31cc5e3","Naked Forbidden Bundle","https://shop.kingdomdeath.com/products/naked-forbidden-bundle"
"2019-11-29","Black Friday 2019","https://kingdomdeath.com/news/mc-beb31cc5e3","Naked Nightmare Ram","https://shop.kingdomdeath.com/products/naked-nightmare-ram"
"2019-11-29","Black Friday 2019","https://kingdomdeath.com/news/mc-beb31cc5e3","Monster 1.5 Core Game","https://shop.kingdomdeath.com/products/kingdom-death-monster-1-5-bf"
"2019-11-29","Black Friday 2019","https://kingdomdeath.com/news/mc-beb31cc5e3","Black Friday Ninja","https://shop.kingdomdeath.com/products/black-friday-ninja"
"2019-11-29","Black Friday 2019","https://kingdomdeath.com/news/mc-beb31cc5e3","Black Friday Death Dice","https://shop.kingdomdeath.com/products/black-friday-death-dice"
"2019-11-29","Black Friday 2019","https://kingdomdeath.com/news/mc-beb31cc5e3","Naked Future Bundle","https://shop.kingdomdeath.com/products/naked-future-bundle"
"2019-11-29","Black Friday 2019","https://kingdomdeath.com/news/mc-beb31cc5e3","Naked Pinups of Death II Bundle","https://shop.kingdomdeath.com/products/naked-pinups-of-death-2"
"2019-12-27","Holiday Sale and welcoming 2020!","https://kingdomdeath.com/news/mc-d26fe59580","Boxer","https://shop.kingdomdeath.com/products/boxer"
"2019-12-27","Holiday Sale and welcoming 2020!","https://kingdomdeath.com/news/mc-d26fe59580","Primal Huntress Bust","https://shop.kingdomdeath.com/products/primal-huntress-bust"
"2020-01-22","First News of the Decade","https://kingdomdeath.com/news/mc-216bb0ce7e","Death High Savior","https://shop.kingdomdeath.com/products/death-high-savior"
"2020-01-22","First News of the Decade","https://kingdomdeath.com/news/mc-216bb0ce7e","Fallen Hero","https://shop.kingdomdeath.com/products/fallen-hero"
"2020-01-22","First News of the Decade","https://kingdomdeath.com/news/mc-216bb0ce7e","Verdant Lord Shirt","https://shop.kingdomdeath.com/products/verdant-lord-crest-shirt"
"2020-02-14","Love and Resin","https://kingdomdeath.com/news/mc-43c591f1d4","Elf","https://shop.kingdomdeath.com/products/elf"
"2020-02-14","Love and Resin","https://kingdomdeath.com/news/mc-43c591f1d4","Death High Murderer","https://shop.kingdomdeath.com/products/death-high-murderer"
"2020-02-14","Love and Resin","https://kingdomdeath.com/news/mc-43c591f1d4","Pinup Screaming God Armor","https://shop.kingdomdeath.com/products/pinup-screaming-god-armor"
"2020-05-01","Lost Easter Sale","https://kingdomdeath.com/news/mc-0c24b3cca6","The Death High Intimacy Couple","https://shop.kingdomdeath.com/products/death-high-intimacy-couple"
"2020-05-01","Lost Easter Sale","https://kingdomdeath.com/news/mc-0c24b3cca6","P","https://shop.kingdomdeath.com/products/kings-coins"
"2020-06-24","Summer Breeze and a Miniature Sale","https://kingdomdeath.com/news/mc-0910d0756c","Death High Novice","https://shop.kingdomdeath.com/products/death-high-novice"
"2020-06-24","Summer Breeze and a Miniature Sale","https://kingdomdeath.com/news/mc-0910d0756c","Pinup Visionary","https://shop.kingdomdeath.com/products/pinup-visionary"
"2020-07-17","Catch the Wave of Summer Resin!","https://kingdomdeath.com/news/mc-b2e0cf22fc","Holy Mage","https://shop.kingdomdeath.com/products/holy-mage"
"2020-07-17","Catch the Wave of Summer Resin!","https://kingdomdeath.com/news/mc-b2e0cf22fc","Court Investigator","https://shop.kingdomdeath.com/products/court-investigator"
"2020-07-17","Catch the Wave of Summer Resin!","https://kingdomdeath.com/news/mc-b2e0cf22fc","Death High - Satan Y","https://shop.kingdomdeath.com/products/death-high-satan-y"
"2020-07-17","Catch the Wave of Summer Resin!","https://kingdomdeath.com/news/mc-b2e0cf22fc","Titan Bee T-Shirt","https://shop.kingdomdeath.com/products/titan-bee-t-shirt"
"2020-07-17","Catch the Wave of Summer Resin!","https://kingdomdeath.com/news/mc-b2e0cf22fc","Distracted","https://shop.kingdomdeath.com/products/distracted"
"2020-08-28","August Sale","https://kingdomdeath.com/news/mc-7440e303ee","Peasant Hero","https://shop.kingdomdeath.com/products/peasant-hero"
"2020-08-28","August Sale","https://kingdomdeath.com/news/mc-7440e303ee","Temple Explorer","https://shop.kingdomdeath.com/products/temple-explorer"
"2020-08-28","August Sale","https://kingdomdeath.com/news/mc-7440e303ee","Pariah T-Shirt","https://shop.kingdomdeath.com/products/pariah-t-shirt"
"2020-09-29","September Sale","https://kingdomdeath.com/news/mc-b3f8099b77","Court Barrister","https://shop.kingdomdeath.com/products/court-barrister"
"2020-09-29","September Sale","https://kingdomdeath.com/news/mc-b3f8099b77","Elf - Variant","https://shop.kingdomdeath.com/products/elf-variant"
"2020-09-29","September Sale","https://kingdomdeath.com/news/mc-b3f8099b77","Death High - Allister","https://shop.kingdomdeath.com/products/death-high-allister"
"2020-09-29","September Sale","https://kingdomdeath.com/news/mc-b3f8099b77","White Speaker Sword Hunter","https://shop.kingdomdeath.com/products/white-speaker-sword-hunter-wb"
"2020-09-29","September Sale","https://kingdomdeath.com/news/mc-b3f8099b77","Fall Death Dice","https://shop.kingdomdeath.com/products/summer-death-dice"
"2020-10-30","Halloween Sale","https://kingdomdeath.com/news/mc-52ed21bea6","Halloween Ringtail Vixen","https://shop.kingdomdeath.com/products/halloween-ringtail-vixen"
"2020-10-30","Halloween Sale","https://kingdomdeath.com/news/mc-52ed21bea6","Lantern Guard - Male","https://shop.kingdomdeath.com/products/lantern-guard-male"
"2020-10-30","Halloween Sale","https://kingdomdeath.com/news/mc-52ed21bea6","Rayanor","https://shop.kingdomdeath.com/products/rayanor"
"2020-10-30","Halloween Sale","https://kingdomdeath.com/news/mc-52ed21bea6","Lantern 10 T-Shirt","https://shop.kingdomdeath.com/products/lantern-10-t-shirt"
"2020-10-30","Halloween Sale","https://kingdomdeath.com/news/mc-52ed21bea6","Halloween White Speaker","https://shop.kingdomdeath.com/products/halloween-white-speaker-1"
"2020-11-27","Black Friday 2020","https://kingdomdeath.com/news/mc-0245db30a3","Kingdom Death: Monster 1.6","https://shop.kingdomdeath.com/products/kingdom-death-monster-1-6"
"2020-11-27","Black Friday 2020","https://kingdomdeath.com/news/mc-0245db30a3","Legendary Card Pack","https://shop.kingdomdeath.com/products/legendary-card-pack-1-6-upgrade"
"2020-11-27","Black Friday 2020","https://kingdomdeath.com/news/mc-0245db30a3","Echoes of Death III","https://shop.kingdomdeath.com/products/echoes-of-death-4"
"2020-11-27","Black Friday 2020","https://kingdomdeath.com/news/mc-0245db30a3","Death High - Lucy","https://shop.kingdomdeath.com/products/death-high-lucy"
"2020-11-27","Black Friday 2020","https://kingdomdeath.com/news/mc-0245db30a3","Echoes of Death II","https://shop.kingdomdeath.com/products/echoes-of-death-two"
"2020-12-22","Holiday Sale!","https://kingdomdeath.com/news/mc-597765e3ed","Winter Solstice Lucy","https://shop.kingdomdeath.com/products/winter-solstice-lucy"
"2020-12-22","Holiday Sale!","https://kingdomdeath.com/news/mc-597765e3ed","Death High - Novice","https://shop.kingdomdeath.com/products/death-high-novice"
"2021-02-15","Valentine's Day Sale!","https://kingdomdeath.com/news/mc-b507d09a7b","Lune","https://shop.kingdomdeath.com/products/lune"
"2021-02-15","Valentine's Day Sale!","https://kingdomdeath.com/news/mc-b507d09a7b","Death High - Holy Mage","https://shop.kingdomdeath.com/products/death-high-holy-mage"
"2021-02-15","Valentine's Day Sale!","https://kingdomdeath.com/news/mc-b507d09a7b","Kingdom Death Face Mask","https://shop.kingdomdeath.com/products/kingdom-death-face-mask"
"2021-02-15","Valentine's Day Sale!","https://kingdomdeath.com/news/mc-b507d09a7b","Till Death Do Us Part","https://shop.kingdomdeath.com/products/till-death-do-us-part"
"2021-04-05","Spring Sale!","https://kingdomdeath.com/news/mc-cb6c765691","Survivor Tokens","https://shop.kingdomdeath.com/products/survivor-tokens"
"2021-04-05","Spring Sale!","https://kingdomdeath.com/news/mc-cb6c765691","Screaming God Armor - Female","https://shop.kingdomdeath.com/products/screaming-god-armor-female"
"2021-04-05","Spring Sale!","https://kingdomdeath.com/news/mc-cb6c765691","Astri the Promised","https://shop.kingdomdeath.com/products/astri-the-promised"
"2021-04-05","Spring Sale!","https://kingdomdeath.com/news/mc-cb6c765691","Verdant Lord T-Shirt","https://shop.kingdomdeath.com/products/verdant-lord-crest-shirt"
"2021-04-05","Spring Sale!","https://kingdomdeath.com/news/mc-cb6c765691","Pinup Easter Twilight Knight","https://shop.kingdomdeath.com/products/pinup-easter-twilight-knight"
"2021-07-19","Summer Sale!","https://kingdomdeath.com/news/mc-df8de11c8b","Pinups of Death Bundle","https://shop.kingdomdeath.com/products/pinups-of-death-1-5-bundle"
"2021-07-19","Summer Sale!","https://kingdomdeath.com/news/mc-df8de11c8b","Pinups of Death I","https://shop.kingdomdeath.com/products/pinups-of-death-series-1"
"2021-07-19","Summer Sale!","https://kingdomdeath.com/news/mc-df8de11c8b","Pinups of Death II","https://shop.kingdomdeath.com/products/pinups-of-death-series-2"
"2021-07-19","Summer Sale!","https://kingdomdeath.com/news/mc-df8de11c8b","Pinups of Death III","https://shop.kingdomdeath.com/products/pinups-of-death-series-3"
"2021-07-19","Summer Sale!","https://kingdomdeath.com/news/mc-df8de11c8b","Pinups of Death IV","https://shop.kingdomdeath.com/products/pinups-of-death-series-iv"
"2021-07-19","Summer Sale!","https://kingdomdeath.com/news/mc-df8de11c8b","Pinups of Death V","https://shop.kingdomdeath.com/products/pinups-of-death-series-v"
"2021-07-19","Summer Sale!","https://kingdomdeath.com/news/mc-df8de11c8b","Blushing Owl","https://shop.kingdomdeath.com/products/blushing-owl"
"2021-07-19","Summer Sale!","https://kingdomdeath.com/news/mc-df8de11c8b","Lost Princess","https://shop.kingdomdeath.com/products/lost-princess"
"2021-07-19","Summer Sale!","https://kingdomdeath.com/news/mc-df8de11c8b","Dragon Slayer","https://shop.kingdomdeath.com/products/dragon-slayer"
"2021-07-19","Summer Sale!","https://kingdomdeath.com/news/mc-df8de11c8b","Lagomorph Survivors","https://shop.kingdomdeath.com/products/lagomorph-survivors"
"2021-11-26","Black Friday 2021","https://kingdomdeath.com/news/mc-9840663200","Halloween Survivors Series II","https://shop.kingdomdeath.com/products/halloween-survivors-series-ii"
"2021-11-26","Black Friday 2021","https://kingdomdeath.com/news/mc-9840663200","White Sunlion Armor","https://shop.kingdomdeath.com/products/white-sun-lion"
"2021-11-26","Black Friday 2021","https://kingdomdeath.com/news/mc-9840663200","Stone Faced Base Inserts","https://shop.kingdomdeath.com/products/stone-face-bases"
"2021-11-26","Black Friday 2021","https://kingdomdeath.com/news/mc-9840663200","Resin Neko Twilight Knight","https://shop.kingdomdeath.com/products/neko-twilight-knight"
"2021-11-26","Black Friday 2021","https://kingdomdeath.com/news/mc-9840663200","Caster Hunter","https://shop.kingdomdeath.com/products/caster-hunter"
"2021-11-26","Black Friday 2021","https://kingdomdeath.com/news/mc-9840663200","Dragon King Crest T Shirt","https://shop.kingdomdeath.com/products/dragon-king-t-shirt"
"2021-11-26","Black Friday 2021","https://kingdomdeath.com/news/mc-9840663200","Pinup Lioness Bust","https://shop.kingdomdeath.com/products/pinup-lioness-bust"
"2021-11-26","Black Friday 2021","https://kingdomdeath.com/news/mc-9840663200","Naked Questing Maids","https://shop.kingdomdeath.com/products/questing-maids"
"2021-11-26","Black Friday 2021","https://kingdomdeath.com/news/mc-9840663200","Black Friday Ninja Variant Encore","https://shop.kingdomdeath.com/products/black-friday-ninja-variant-2021"
"2021-12-24","Holiday Sale!","https://kingdomdeath.com/news/mc-e9984beb55","Kingdom Death: Monster 1.6","https://shop.kingdomdeath.com/products/kingdom-death-monster-1-5"
"2021-12-24","Holiday Sale!","https://kingdomdeath.com/news/mc-e9984beb55","Wendy, The Frozen Star","https://shop.kingdomdeath.com/products/wendy-the-frozen-star"
"2021-12-24","Holiday Sale!","https://kingdomdeath.com/news/mc-e9984beb55","Smog Drummer","https://shop.kingdomdeath.com/products/smog-drummer"
"2022-03-01","We missed Valentines Day!","https://kingdomdeath.com/news/mc-0359734515","Grimmory","https://shop.kingdomdeath.com/products/grimmory"
"2022-03-01","We missed Valentines Day!","https://kingdomdeath.com/news/mc-0359734515","Screaming God Armor - Male","https://shop.kingdomdeath.com/products/screaming-god-armor-male"
"2022-03-01","We missed Valentines Day!","https://kingdomdeath.com/news/mc-0359734515","Ringtail Vixen","https://shop.kingdomdeath.com/products/pinups-of-death-series-1https://shop.kingdomdeath.com/products/ringtail-vixen-wb"
"2022-03-01","We missed Valentines Day!","https://kingdomdeath.com/news/mc-0359734515","Standard Card Sleeves","https://shop.kingdomdeath.com/products/xmas-special-pinup-twilight-knighthttps://shop.kingdomdeath.com/products/standard-card-sleeves"
"2022-03-01","We missed Valentines Day!","https://kingdomdeath.com/news/mc-0359734515","Stone Face Bases","https://shop.kingdomdeath.com/products/stone-face-bases"
"2022-03-01","We missed Valentines Day!","https://kingdomdeath.com/news/mc-0359734515","Echoes of Death 3","https://shop.kingdomdeath.com/products/echoes-of-death-4"
"2022-03-01","We missed Valentines Day!","https://kingdomdeath.com/news/mc-0359734515","Gorm Expansion","https://shop.kingdomdeath.com/products/gorm-expansion-monster"
"2022-04-22","Spring has Sprung!","https://kingdomdeath.com/news/mc-59de81ca38","Willow","https://shop.kingdomdeath.com/products/willow"
"2022-04-22","Spring has Sprung!","https://kingdomdeath.com/news/mc-59de81ca38","Lagamorph Survivors","https://shop.kingdomdeath.com/products/lagomorph-survivors"
"2022-04-22","Spring has Sprung!","https://kingdomdeath.com/news/mc-59de81ca38","Pascha","https://shop.kingdomdeath.com/products/pascha"
"2022-04-22","Spring has Sprung!","https://kingdomdeath.com/news/mc-59de81ca38","Red Witches Tee Shirt","https://shop.kingdomdeath.com/products/red-witches-t-shirt"
"2022-06-01","Spring has Sprung!","https://kingdomdeath.com/news/mc-1dce867050","Badar","https://shop.kingdomdeath.com/products/badar"
"2022-06-01","Spring has Sprung!","https://kingdomdeath.com/news/mc-1dce867050","Astri The Promised - Painters Scale","https://shop.kingdomdeath.com/products/astri-the-promised-painters-scale"
"2022-07-01","Summer Painting Contest!","https://kingdomdeath.com/news/mc-d4fb5ba33d","Lantern Aya","https://shop.kingdomdeath.com/products/aya-lantern-armor"
"2022-07-01","Summer Painting Contest!","https://kingdomdeath.com/news/mc-d4fb5ba33d","Barbarian Allister","https://shop.kingdomdeath.com/products/barbarian-allister"
"2022-07-01","Summer Painting Contest!","https://kingdomdeath.com/news/mc-d4fb5ba33d","Crimson Crocodile T-Shirt","https://shop.kingdomdeath.com/products/crimson-croc-t-shirt"
"2022-08-09","August 2022","https://kingdomdeath.com/news/mc-347511f23c","Summer Cyrus","https://shop.kingdomdeath.com/products/summer-cyrus"
"2022-08-09","August 2022","https://kingdomdeath.com/news/mc-347511f23c","Doll","https://shop.kingdomdeath.com/products/doll"
"2022-08-09","August 2022","https://kingdomdeath.com/news/mc-347511f23c","Satan","https://shop.kingdomdeath.com/products/satan-1"
"2022-08-09","August 2022","https://kingdomdeath.com/news/mc-347511f23c","The Last Bard","https://shop.kingdomdeath.com/products/last-bard"
"2022-08-31","Expansion Reprint","https://kingdomdeath.com/news/mc-f335b6fdbe","white speaker sword hunter wb","https://shop.kingdomdeath.com/products/white-speaker-sword-hunter-wb"
"2022-10-01","September 2022","https://kingdomdeath.com/news/mc-871d221aed","Summer Aya","https://shop.kingdomdeath.com/products/summer-aya"
"2022-10-01","September 2022","https://kingdomdeath.com/news/mc-871d221aed","Summer Goth Twilight Knight","https://shop.kingdomdeath.com/products/summer-goth"
"2022-10-01","September 2022","https://kingdomdeath.com/news/mc-871d221aed","Death High Erza","https://shop.kingdomdeath.com/products/death-high-erza"
"2022-10-01","September 2022","https://kingdomdeath.com/news/mc-871d221aed","Lantern Aya (Painter's Scale)","https://shop.kingdomdeath.com/products/aya-lantern-armor-painters-scale"
"2022-10-01","September 2022","https://kingdomdeath.com/news/mc-871d221aed","Performing Artists T-Shirt","https://shop.kingdomdeath.com/products/performing-artists-t-shirt"
"2022-10-31","October 2022","https://kingdomdeath.com/news/mc-a49495442c","Reapokratis","https://shop.kingdomdeath.com/products/reapokratis"
"2022-10-31","October 2022","https://kingdomdeath.com/news/mc-a49495442c","Erza of Dedheim","https://shop.kingdomdeath.com/products/erza-of-dedheim"
"2022-10-31","October 2022","https://kingdomdeath.com/news/mc-a49495442c","Halloween Survivor Flower Costume","https://shop.kingdomdeath.com/products/halloween-survivor-flower-knight-costume"
"2022-10-31","October 2022","https://kingdomdeath.com/news/mc-a49495442c","Halloween Dice","https://shop.kingdomdeath.com/products/halloween-death-dice"
"2022-11-25","BLACK FRIDAY - November 2022","https://kingdomdeath.com/news/mc-17408bca12","kingdom death simulator","https://shop.kingdomdeath.com/products/kingdom-death-simulator"
"2022-11-25","BLACK FRIDAY - November 2022","https://kingdomdeath.com/news/mc-17408bca12","founders stone momento","https://shop.kingdomdeath.com/products/founders-stone-momento"
"2022-11-25","BLACK FRIDAY - November 2022","https://kingdomdeath.com/news/mc-17408bca12","Death High Zachary","https://shop.kingdomdeath.com/products/death-high-zachary"
"2022-11-25","BLACK FRIDAY - November 2022","https://kingdomdeath.com/news/mc-17408bca12","Atnas Happy Holidays Tee","https://shop.kingdomdeath.com/products/happy-holidays-t-shirt"
"2022-11-25","BLACK FRIDAY - November 2022","https://kingdomdeath.com/news/mc-17408bca12","Naked Cat-Eater Knight","https://shop.kingdomdeath.com/products/cat-eater-knight"
"2022-11-25","BLACK FRIDAY - November 2022","https://kingdomdeath.com/news/mc-17408bca12","Screaming Sun Armored - Lucy","https://shop.kingdomdeath.com/products/screaming-sun-armor-lucy"
"2022-11-25","BLACK FRIDAY - November 2022","https://kingdomdeath.com/news/mc-17408bca12","White Sunlion Armor - Erza","https://shop.kingdomdeath.com/products/white-sunlion-armor-erza"
"2022-11-25","BLACK FRIDAY - November 2022","https://kingdomdeath.com/news/mc-17408bca12","Black Friday Death Dice Dice","https://shop.kingdomdeath.com/products/black-friday-death-dice"
"2022-11-25","BLACK FRIDAY - November 2022","https://kingdomdeath.com/news/mc-17408bca12","Classic Death Dice","https://shop.kingdomdeath.com/products/classic-death-die"
"2022-11-25","BLACK FRIDAY - November 2022","https://kingdomdeath.com/news/mc-17408bca12","Death High Allister","https://shop.kingdomdeath.com/products/death-high-allister"
"2022-11-25","BLACK FRIDAY - November 2022","https://kingdomdeath.com/news/mc-17408bca12","Gear Card Sleeves","https://shop.kingdomdeath.com/products/gear-card-sleeves"
"2022-11-25","BLACK FRIDAY - November 2022","https://kingdomdeath.com/news/mc-17408bca12","Performing Artist T-Shirt","https://shop.kingdomdeath.com/products/performing-artists-t-shirt"
"2022-11-25","BLACK FRIDAY - November 2022","https://kingdomdeath.com/news/mc-17408bca12","Sci-Fi Erza","https://shop.kingdomdeath.com/products/sci-fi-erza-1"
"2022-11-28","Kingdom Death - The Keysmith Grows Weary","https://kingdomdeath.com/news/mc-20294fbb3c","white sunlion armor erza","https://shop.kingdomdeath.com/products/white-sunlion-armor-erza"
"2022-11-28","Kingdom Death - The Keysmith Grows Weary","https://kingdomdeath.com/news/mc-20294fbb3c","cat eater knight","https://shop.kingdomdeath.com/products/cat-eater-knight"
"2022-12-25","Holiday Sale!","https://kingdomdeath.com/news/mc-647fd53eee","Elgnirk, The Choas Elf","https://shop.kingdomdeath.com/products/elgnirk-the-chaos-elf"
"2022-12-25","Holiday Sale!","https://kingdomdeath.com/news/mc-647fd53eee","Novice Resculpt","https://shop.kingdomdeath.com/products/novice-resculpt"
"2022-12-25","Holiday Sale!","https://kingdomdeath.com/news/mc-647fd53eee","Novice Painter's Scale","https://shop.kingdomdeath.com/products/novice-painters-scale"
"2022-12-25","Holiday Sale!","https://kingdomdeath.com/news/mc-647fd53eee","Wendy the Frozen Star, Savior of Lifelight","https://shop.kingdomdeath.com/products/wendy-the-frozen-star"
"2022-12-25","Holiday Sale!","https://kingdomdeath.com/news/mc-647fd53eee","Expansions of Death Bundle","https://shop.kingdomdeath.com/products/expansion-of-death-vol-1-6"
"2022-12-25","Holiday Sale!","https://kingdomdeath.com/news/mc-647fd53eee","Gorm","https://shop.kingdomdeath.com/products/gorm-expansion-1-6"
"2022-12-25","Holiday Sale!","https://kingdomdeath.com/news/mc-647fd53eee","Spidicules","https://shop.kingdomdeath.com/products/spidicules-expansion-1-6"
"2022-12-25","Holiday Sale!","https://kingdomdeath.com/news/mc-647fd53eee","Flower Knight","https://shop.kingdomdeath.com/products/flower-knight-expansion-1-6"
"2022-12-25","Holiday Sale!","https://kingdomdeath.com/news/mc-647fd53eee","Dung Beetle Knight","https://shop.kingdomdeath.com/products/dung-beetle-expansion-1-6"
"2022-12-25","Holiday Sale!","https://kingdomdeath.com/news/mc-647fd53eee","Lion Knight","https://shop.kingdomdeath.com/products/lion-knight-expansion-1-6"
"2022-12-25","Holiday Sale!","https://kingdomdeath.com/news/mc-647fd53eee","Lion God","https://shop.kingdomdeath.com/products/lion-god-expansion-1-6"
"2022-12-25","Holiday Sale!","https://kingdomdeath.com/news/mc-647fd53eee","Slenderman","https://shop.kingdomdeath.com/products/slenderman-expansion-1-6"
"2022-12-25","Holiday Sale!","https://kingdomdeath.com/news/mc-647fd53eee","Manhunter","https://shop.kingdomdeath.com/products/manhunter-expansion-1-6"
"2022-12-25","Holiday Sale!","https://kingdomdeath.com/news/mc-647fd53eee","Lonely Tree","https://shop.kingdomdeath.com/products/lonely-tree-expansion-1-6"
"2022-12-25","Holiday Sale!","https://kingdomdeath.com/news/mc-647fd53eee","Green Knight","https://shop.kingdomdeath.com/products/green-knight-armor-expansion"
"2022-12-25","Holiday Sale!","https://kingdomdeath.com/news/mc-647fd53eee","Dragon King","https://shop.kingdomdeath.com/products/dragon-king-expansion-1-6"
"2022-12-25","Holiday Sale!","https://kingdomdeath.com/news/mc-647fd53eee","SunStalker","https://shop.kingdomdeath.com/products/sunstalker-expansion"
"2023-02-01","Happy Lunar New Year!","https://kingdomdeath.com/news/mc-adf9d4c8b3","Hellebore","https://shop.kingdomdeath.com/products/hellebore-a-frozen-survivor"
"2023-02-01","Happy Lunar New Year!","https://kingdomdeath.com/news/mc-adf9d4c8b3","Barbarian Lucy","https://shop.kingdomdeath.com/products/barbarian-lucy"
"2023-02-01","Happy Lunar New Year!","https://kingdomdeath.com/news/mc-adf9d4c8b3","Barbarian Lucy - Painter's Scale","https://shop.kingdomdeath.com/products/barbarian-lucy-painters-scale"
"2023-02-01","Happy Lunar New Year!","https://kingdomdeath.com/news/mc-adf9d4c8b3","Monster 1.6 Core Game","https://shop.kingdomdeath.com/products/kingdom-death-monster-1-5"
"2023-02-28","Happy Valentine's Day!","https://kingdomdeath.com/news/mc-4411225263","Death Crown Inheritor Aya","https://shop.kingdomdeath.com/products/valentines-day-aya"
"2023-02-28","Happy Valentine's Day!","https://kingdomdeath.com/news/mc-4411225263","Blushing Owl Armor - Male","https://shop.kingdomdeath.com/products/blushing-owl-armor-male"
"2023-02-28","Happy Valentine's Day!","https://kingdomdeath.com/news/mc-4411225263","Lunar Twilight Knight","https://shop.kingdomdeath.com/products/lunar-twilight-knight"
"2023-02-28","Happy Valentine's Day!","https://kingdomdeath.com/news/mc-4411225263","Death High Intimacy","https://shop.kingdomdeath.com/products/death-high-intimacy-couple"
"2023-03-31","March 2023","https://kingdomdeath.com/news/mc-717dfc9ee1","Vitanvox","https://shop.kingdomdeath.com/products/vitanvox"
"2023-03-31","March 2023","https://kingdomdeath.com/news/mc-717dfc9ee1","Stone Wrecker","https://shop.kingdomdeath.com/products/stone-wrecker"
"2023-03-31","March 2023","https://kingdomdeath.com/news/mc-717dfc9ee1","Pinup Nightmare Ram (Painter's Scale)","https://shop.kingdomdeath.com/products/pinup-nightmare-ram-armor-painters-scale"
"2023-03-31","March 2023","https://kingdomdeath.com/news/mc-717dfc9ee1","Skrelle","https://shop.kingdomdeath.com/products/skrelle"
"2023-03-31","March 2023","https://kingdomdeath.com/news/mc-717dfc9ee1","Godhand Tee Shirt","https://shop.kingdomdeath.com/products/god-hand-t-shirt"
"2023-03-31","March 2023","https://kingdomdeath.com/news/mc-717dfc9ee1","Elf Variant","https://shop.kingdomdeath.com/products/elf-variant"
"2023-05-02","Midspring Bonanza!","https://kingdomdeath.com/news/mc-c4b9f74ee2","Lolowen","https://shop.kingdomdeath.com/products/lolowen"
"2023-05-02","Midspring Bonanza!","https://kingdomdeath.com/news/mc-c4b9f74ee2","Pascha (Variant)","https://shop.kingdomdeath.com/products/pascha-variant"
"2023-05-02","Midspring Bonanza!","https://kingdomdeath.com/news/mc-c4b9f74ee2","Pinup Storm Knight Armor (Painter Scale)","https://shop.kingdomdeath.com/products/pinup-storm-armor-painters-scale"
"2023-05-02","Midspring Bonanza!","https://kingdomdeath.com/news/mc-c4b9f74ee2","Gnostin Stonesmasher","https://shop.kingdomdeath.com/products/gnostin-stonesmasher"
"2023-06-12","Kingdom Death News! Murderer's Madness","https://kingdomdeath.com/news/mc-d0879a647d","Mist - Raikin Armor","https://shop.kingdomdeath.com/products/mist-raikin-armor"
"2023-06-12","Kingdom Death News! Murderer's Madness","https://kingdomdeath.com/news/mc-d0879a647d","Mist - Variant","https://shop.kingdomdeath.com/products/mist-variant"
"2023-06-12","Kingdom Death News! Murderer's Madness","https://kingdomdeath.com/news/mc-d0879a647d","Moss","https://shop.kingdomdeath.com/products/moss"
"2023-06-12","Kingdom Death News! Murderer's Madness","https://kingdomdeath.com/news/mc-d0879a647d","Murderer Bust","https://shop.kingdomdeath.com/products/murderer-bust"
"2023-06-12","Kingdom Death News! Murderer's Madness","https://kingdomdeath.com/news/mc-d0879a647d","Pinup Butcher (Painters Scale)","https://shop.kingdomdeath.com/products/pinup-butcher-painters-scale"
"2023-06-12","Kingdom Death News! Murderer's Madness","https://kingdomdeath.com/news/mc-d0879a647d","Sunstalker Dancer Bust","https://shop.kingdomdeath.com/products/sunstalker-dancer-bust"
"2023-06-12","Kingdom Death News! Murderer's Madness","https://kingdomdeath.com/news/mc-d0879a647d","Bone Eater T Shirt","https://shop.kingdomdeath.com/products/bone-eater-t-shirt"
"2023-07-11","Kingdom Death News! Scorching Summer","https://kingdomdeath.com/news/mc-3f91de75f0","Gunborg","https://shop.kingdomdeath.com/products/gunborg"
"2023-07-11","Kingdom Death News! Scorching Summer","https://kingdomdeath.com/news/mc-3f91de75f0","Gunborg (Painters Scale)","https://shop.kingdomdeath.com/products/gunborg-painters-scale"
"2023-07-11","Kingdom Death News! Scorching Summer","https://kingdomdeath.com/news/mc-3f91de75f0","Summer Lucy","https://shop.kingdomdeath.com/products/summer-lucy"
"2023-07-11","Kingdom Death News! Scorching Summer","https://kingdomdeath.com/news/mc-3f91de75f0","Summer Lucy (Painters Scale)","https://shop.kingdomdeath.com/products/summer-lucy-painters-scale"
"2023-07-11","Kingdom Death News! Scorching Summer","https://kingdomdeath.com/news/mc-3f91de75f0","Forsaker - Archival Remaster","https://shop.kingdomdeath.com/products/forsaker-resculpt"
"2023-07-11","Kingdom Death News! Scorching Summer","https://kingdomdeath.com/news/mc-3f91de75f0","Mystery Birthday Gift","https://shop.kingdomdeath.com/products/birthday-gift"
"2023-07-11","Kingdom Death News! Scorching Summer","https://kingdomdeath.com/news/mc-3f91de75f0","Summer Goth","https://shop.kingdomdeath.com/products/summer-goth"
"2023-08-28","Kingdom Death News! Gencon Web Sale!","https://kingdomdeath.com/news/mc-aa282d04c9","Gambler's Chest Expansion","https://shop.kingdomdeath.com/products/gamblers-chest-expansion"
"2023-08-28","Kingdom Death News! Gencon Web Sale!","https://kingdomdeath.com/news/mc-aa282d04c9","Card Sleeves V2 Bundles","https://shop.kingdomdeath.com/products/gamblers-chest-card-sleeve-bundle"
"2023-08-28","Kingdom Death News! Gencon Web Sale!","https://kingdomdeath.com/news/mc-aa282d04c9","Echoes of Death 4","https://shop.kingdomdeath.com/products/echoes-of-death-four"
"2023-08-28","Kingdom Death News! Gencon Web Sale!","https://kingdomdeath.com/news/mc-aa282d04c9","Longclaw Lenore","https://shop.kingdomdeath.com/products/longclaw-lenore"
"2023-08-28","Kingdom Death News! Gencon Web Sale!","https://kingdomdeath.com/news/mc-aa282d04c9","Lune (Hard Plastic Character)","https://shop.kingdomdeath.com/products/lune-2"
"2023-08-28","Kingdom Death News! Gencon Web Sale!","https://kingdomdeath.com/news/mc-aa282d04c9","Sen","https://shop.kingdomdeath.com/products/sen"
"2023-08-28","Kingdom Death News! Gencon Web Sale!","https://kingdomdeath.com/news/mc-aa282d04c9","Sci Fi Lucy","https://shop.kingdomdeath.com/products/sci-fi-lucy"
"2023-08-28","Kingdom Death News! Gencon Web Sale!","https://kingdomdeath.com/news/mc-aa282d04c9","Sci Fi Lucy (Painter's Scale Variant)","https://shop.kingdomdeath.com/products/sci-fi-lucy-variant"
"2023-08-28","Kingdom Death News! Gencon Web Sale!","https://kingdomdeath.com/news/mc-aa282d04c9","Pinup Twilight Witch (Painter's Scale)","https://shop.kingdomdeath.com/products/painters-scale-pinup-twilight-witch"
"2023-08-28","Kingdom Death News! Gencon Web Sale!","https://kingdomdeath.com/news/mc-aa282d04c9","Butcher Bust","https://shop.kingdomdeath.com/products/butcher-bust"
"2023-08-28","Kingdom Death News! Gencon Web Sale!","https://kingdomdeath.com/news/mc-aa282d04c9","Gambler T-Shirt","https://shop.kingdomdeath.com/products/gambler-t-shirt"
"2023-08-28","Kingdom Death News! Gencon Web Sale!","https://kingdomdeath.com/news/mc-aa282d04c9","Echoes of Death 3","https://shop.kingdomdeath.com/products/echoes-of-death-three"
"2023-08-28","Kingdom Death News! Gencon Web Sale!","https://kingdomdeath.com/news/mc-aa282d04c9","Sci Fi Erza (Deathgrey M2)","https://shop.kingdomdeath.com/products/sci-fi-erza-1"
"2023-08-28","Kingdom Death News! Gencon Web Sale!","https://kingdomdeath.com/news/mc-aa282d04c9","Illusionist Key","https://shop.kingdomdeath.com/products/kingdom-death-illusionist-key"
"2023-10-02","KDU#86- Black Knight Preorders Available Now!","https://kingdomdeath.com/news/mc-cbf4a7be95","Senior Death High Allister (Painters Scale)","https://shop.kingdomdeath.com/products/death-high-senior-allister-painters-scale"
"2023-10-02","KDU#86- Black Knight Preorders Available Now!","https://kingdomdeath.com/news/mc-cbf4a7be95","Death High Moss","https://shop.kingdomdeath.com/products/death-high-moss"
"2023-10-02","KDU#86- Black Knight Preorders Available Now!","https://kingdomdeath.com/news/mc-cbf4a7be95","Pinup Honeycomb Weaver","https://shop.kingdomdeath.com/products/pinup-honey-comb-weaver-painters-scale"
"2023-10-02","KDU#86- Black Knight Preorders Available Now!","https://kingdomdeath.com/news/mc-cbf4a7be95","Dark of Star","https://shop.kingdomdeath.com/products/dark-of-star"
"2023-10-31","KDU#87- Halloween Sale","https://kingdomdeath.com/news/mc-00f73fa096","Halloween Lucy","https://shop.kingdomdeath.com/products/halloween-lucy"
"2023-10-31","KDU#87- Halloween Sale","https://kingdomdeath.com/news/mc-00f73fa096","Halloween Pinup Twilight Knight - Painters Scale","https://shop.kingdomdeath.com/products/halloween-twilight-knight-painters-scale"
"2023-10-31","KDU#87- Halloween Sale","https://kingdomdeath.com/news/mc-00f73fa096","Necromancer - Archival Remaster","https://shop.kingdomdeath.com/products/necromancer-archival-remaster"
"2023-10-31","KDU#87- Halloween Sale","https://kingdomdeath.com/news/mc-00f73fa096","Necromancer Variant - Painters Scale","https://shop.kingdomdeath.com/products/necromancer-variant-painters-scale"
"2023-10-31","KDU#87- Halloween Sale","https://kingdomdeath.com/news/mc-00f73fa096","Sylvania","https://shop.kingdomdeath.com/products/sylvania"
"2023-10-31","KDU#87- Halloween Sale","https://kingdomdeath.com/news/mc-00f73fa096","Basara","https://shop.kingdomdeath.com/products/basara"
"2023-10-31","KDU#87- Halloween Sale","https://kingdomdeath.com/news/mc-00f73fa096","Halloween Survivors - King Costume","https://shop.kingdomdeath.com/products/halloween-survivors-king-costume"
"2023-10-31","KDU#87- Halloween Sale","https://kingdomdeath.com/news/mc-00f73fa096","Halloween Survivors - Series II","https://shop.kingdomdeath.com/products/halloween-survivors-series-ii"
"2023-10-31","KDU#87- Halloween Sale","https://kingdomdeath.com/news/mc-00f73fa096","Halloween Survivors - Flower Knight Costume","https://shop.kingdomdeath.com/products/halloween-survivor-flower-knight-costume"
"2023-11-24","BLACK FRIDAY SALE AND NEWS","https://kingdomdeath.com/news/mc-7c2e410c36","Sunlantern Armor - Aya","https://shop.kingdomdeath.com/products/sunlantern-armor-aya"
"2023-11-24","BLACK FRIDAY SALE AND NEWS","https://kingdomdeath.com/news/mc-7c2e410c36","Screaming Sun Armor - Lucy","https://shop.kingdomdeath.com/products/screaming-sun-armor-lucy-1"
"2023-11-24","BLACK FRIDAY SALE AND NEWS","https://kingdomdeath.com/news/mc-7c2e410c36","Black Out Dice","https://shop.kingdomdeath.com/products/black-out-dice"
"2023-11-24","BLACK FRIDAY SALE AND NEWS","https://kingdomdeath.com/news/mc-7c2e410c36","Waiting in the Railyard","https://shop.kingdomdeath.com/products/waiting-in-the-railyard"
"2023-11-24","BLACK FRIDAY SALE AND NEWS","https://kingdomdeath.com/news/mc-7c2e410c36","naked sparrow goblin oblivion mosquito armor","https://shop.kingdomdeath.com/products/naked-sparrow-goblin-oblivion-mosquito-armor"
"2023-11-24","BLACK FRIDAY SALE AND NEWS","https://kingdomdeath.com/news/mc-7c2e410c36","Starting Survivor Set","https://shop.kingdomdeath.com/products/core-game-bundle"
"2023-11-24","BLACK FRIDAY SALE AND NEWS","https://kingdomdeath.com/news/mc-7c2e410c36","Starting Survivor Set (Kingdom Death: Monster 1.6 + Gambler's Chest)","https://shop.kingdomdeath.com/products/ultimate-starting-survivor-set"
"2023-11-24","BLACK FRIDAY SALE AND NEWS","https://kingdomdeath.com/news/mc-7c2e410c36","kds morg","https://shop.kingdomdeath.com/products/kds-morg"
"2023-11-24","BLACK FRIDAY SALE AND NEWS","https://kingdomdeath.com/news/mc-7c2e410c36","expansions of death 1 6","https://shop.kingdomdeath.com/products/expansions-of-death-1-6"
"2023-11-24","BLACK FRIDAY SALE AND NEWS","https://kingdomdeath.com/news/mc-7c2e410c36","Kingdom Death: Simulator","https://shop.kingdomdeath.com/products/kingdom-death-simulator-1"
"2023-11-24","BLACK FRIDAY SALE AND NEWS","https://kingdomdeath.com/news/mc-7c2e410c36","Naked Future 2023","https://shop.kingdomdeath.com/products/naked-future-2023"
"2023-11-27","BLACK FRIDAY SALE ENDS IN 5 HOURS!","https://kingdomdeath.com/news/mc-5ee64c7432","Naked Future 2023's","https://shop.kingdomdeath.com/products/naked-sparrow-goblin-oblivion-mosquito-armor"
"2023-12-25","KDU#89 - Deathmas Sale","https://kingdomdeath.com/news/mc-bf25e52437","Edlen","https://shop.kingdomdeath.com/products/edlen"
"2023-12-25","KDU#89 - Deathmas Sale","https://kingdomdeath.com/news/mc-bf25e52437","Deathmas Cockroach Queen","https://shop.kingdomdeath.com/products/deathgmas-cockroach-queen"
"2023-12-25","KDU#89 - Deathmas Sale","https://kingdomdeath.com/news/mc-bf25e52437","Leather Queen - Bust","https://shop.kingdomdeath.com/products/leather-queen-bust"
"2023-12-25","KDU#89 - Deathmas Sale","https://kingdomdeath.com/news/mc-bf25e52437","Deathmas Cockroach Queen - Painter Scale","https://shop.kingdomdeath.com/products/deathmas-cockroach-queen-painterscale"
"2023-12-25","KDU#89 - Deathmas Sale","https://kingdomdeath.com/news/mc-bf25e52437","Apotheosis","https://shop.kingdomdeath.com/products/apotheosis"
"2023-12-25","KDU#89 - Deathmas Sale","https://kingdomdeath.com/news/mc-bf25e52437","Elgnirk the Choas Elf","https://shop.kingdomdeath.com/products/erza-the-choas-elf"
"2023-12-25","KDU#89 - Deathmas Sale","https://kingdomdeath.com/news/mc-bf25e52437","Winter Solstice Lucy","https://shop.kingdomdeath.com/products/plastic-winter-solstice-lucy"
"2023-12-25","KDU#89 - Deathmas Sale","https://kingdomdeath.com/news/mc-bf25e52437","Happy Holidays Atnas Tee Shirt","https://shop.kingdomdeath.com/products/happy-holidays-atnas-teeshirt"
"2023-12-25","KDU#89 - Deathmas Sale","https://kingdomdeath.com/news/mc-bf25e52437","Monster 1.6 Game","https://shop.kingdomdeath.com/products/kingdom-death-monster-1-5"
"2023-12-25","KDU#89 - Deathmas Sale","https://kingdomdeath.com/news/mc-bf25e52437","Premium Card Sleeve Sets","https://shop.kingdomdeath.com/products/gamblers-chest-card-sleeve-bundle"
"2024-01-31","KDU#90 - 2024 arrives with a bang!","https://kingdomdeath.com/news/mc-4cf984e737","Entobra the Walker","https://shop.kingdomdeath.com/products/entobra-the-walker"
"2024-01-31","KDU#90 - 2024 arrives with a bang!","https://kingdomdeath.com/news/mc-4cf984e737","Frozen Survivor - Galanthus","https://shop.kingdomdeath.com/products/frozen-survivor-galanthus"
"2024-01-31","KDU#90 - 2024 arrives with a bang!","https://kingdomdeath.com/news/mc-4cf984e737","Kingslayer Twilight Knight - Painters Scale","https://shop.kingdomdeath.com/products/kingslayer-twilight-knight"
"2024-01-31","KDU#90 - 2024 arrives with a bang!","https://kingdomdeath.com/news/mc-4cf984e737","Early Survivor - Zelda","https://shop.kingdomdeath.com/products/early-survivor-zelda"
"2024-01-31","KDU#90 - 2024 arrives with a bang!","https://kingdomdeath.com/news/mc-4cf984e737","Lunar Aya","https://shop.kingdomdeath.com/products/lunar-aya"
"2024-01-31","KDU#90 - 2024 arrives with a bang!","https://kingdomdeath.com/news/mc-4cf984e737","Stampede Glaive - Xell","https://shop.kingdomdeath.com/products/stampede-glaive-xell"
"2024-01-31","KDU#90 - 2024 arrives with a bang!","https://kingdomdeath.com/news/mc-4cf984e737","Savior 40 Years","https://shop.kingdomdeath.com/products/savior-40-years"
"2024-01-31","KDU#90 - 2024 arrives with a bang!","https://kingdomdeath.com/news/mc-4cf984e737","Sci-Fi Twilight Knight","https://shop.kingdomdeath.com/products/sci-fi-twilight-knight"
"2024-02-29","KDU#91 - Killennium Love","https://kingdomdeath.com/news/mc-89ec9e0fce","Vignettes of Death - Killennium Butcher","https://shop.kingdomdeath.com/products/vignette-of-death-killennium-butcher"
"2024-02-29","KDU#91 - Killennium Love","https://kingdomdeath.com/news/mc-89ec9e0fce","Generic - Male Knight","https://shop.kingdomdeath.com/products/generic-male-knight"
"2024-02-29","KDU#91 - Killennium Love","https://kingdomdeath.com/news/mc-89ec9e0fce","Lunar Aya - Painters Scale","https://shop.kingdomdeath.com/products/lunar-aya-painters-scale"
"2024-02-29","KDU#91 - Killennium Love","https://kingdomdeath.com/news/mc-89ec9e0fce","Character - Morgan the Savior","https://shop.kingdomdeath.com/products/morgan-the-savior"
"2024-02-29","KDU#91 - Killennium Love","https://kingdomdeath.com/news/mc-89ec9e0fce","Blushing Owl","https://shop.kingdomdeath.com/products/blushing-owl-photoresin"
"2024-04-02","KDU#92 - Black Spring","https://kingdomdeath.com/news/mc-77577f1d45","Black Knight Expansion","https://shop.kingdomdeath.com/products/black-knight-expansion"
"2024-04-02","KDU#92 - Black Spring","https://kingdomdeath.com/news/mc-77577f1d45","Ambitionism Survivors","https://shop.kingdomdeath.com/products/ambitionism-survivors"
"2024-04-02","KDU#92 - Black Spring","https://kingdomdeath.com/news/mc-77577f1d45","Sunstalker Dancer - Painters Scale","https://shop.kingdomdeath.com/products/sunstalker-dancer-painters-scale"
"2024-04-02","KDU#92 - Black Spring","https://kingdomdeath.com/news/mc-77577f1d45","Valentine's Morgan - Painters Scale","https://shop.kingdomdeath.com/products/valentines-morgan-painters-scale"
"2024-04-02","KDU#92 - Black Spring","https://kingdomdeath.com/news/mc-77577f1d45","Indomitable Survivor - Gusk Knives Grimmory","https://shop.kingdomdeath.com/products/gusk-knives-grimmory"
"2024-04-02","KDU#92 - Black Spring","https://kingdomdeath.com/news/mc-77577f1d45","Squire Death Dice","https://shop.kingdomdeath.com/products/squire-dice"
"2024-04-02","KDU#92 - Black Spring","https://kingdomdeath.com/news/mc-77577f1d45","Elastomer Statue Terrain Enhancements","https://shop.kingdomdeath.com/products/black-knight-elastomer-statues"
"2024-04-02","KDU#92 - Black Spring","https://kingdomdeath.com/news/mc-77577f1d45","Astri","https://shop.kingdomdeath.com/products/astri-the-promised"
"2024-04-30","KDU#93 - April Arrivals","https://kingdomdeath.com/news/mc-ca2d5759c5","Death High Necromancer","https://shop.kingdomdeath.com/products/death-high-necromancer"
"2024-04-30","KDU#93 - April Arrivals","https://kingdomdeath.com/news/mc-ca2d5759c5","Forge God Archival Remaster","https://shop.kingdomdeath.com/products/forgegod-archival-remaster"
"2024-04-30","KDU#93 - April Arrivals","https://kingdomdeath.com/news/mc-ca2d5759c5","Morgan Bust","https://shop.kingdomdeath.com/products/morgan-bust"
"2024-04-30","KDU#93 - April Arrivals","https://kingdomdeath.com/news/mc-ca2d5759c5","Witch of the East Star","https://shop.kingdomdeath.com/products/witch-of-the-east-star-painters-scale"
"2024-04-30","KDU#93 - April Arrivals","https://kingdomdeath.com/news/mc-ca2d5759c5","Usagi","https://shop.kingdomdeath.com/products/usagi"
"2024-04-30","KDU#93 - April Arrivals","https://kingdomdeath.com/news/mc-ca2d5759c5","Indomitable Survivor - Lordsruin Titus","https://shop.kingdomdeath.com/products/indomitable-survivor-lordsruin-titus"
"2024-04-30","KDU#93 - April Arrivals","https://kingdomdeath.com/news/mc-ca2d5759c5","Easter Apotheosis","https://shop.kingdomdeath.com/products/easter-apotheosis"
"2024-04-30","KDU#93 - April Arrivals","https://kingdomdeath.com/news/mc-ca2d5759c5","Pascha Variant","https://shop.kingdomdeath.com/products/pascha-variant"
"2024-05-31","KDU#94 - May Sale","https://kingdomdeath.com/news/mc-412c26c031","Björn","https://shop.kingdomdeath.com/products/bjorn"
"2024-05-31","KDU#94 - May Sale","https://kingdomdeath.com/news/mc-412c26c031","Inferno Snake Fighter","https://shop.kingdomdeath.com/products/inferno-snake-fighter"
"2024-05-31","KDU#94 - May Sale","https://kingdomdeath.com/news/mc-412c26c031","Pariah Bust","https://shop.kingdomdeath.com/products/pariah-bust"
"2024-05-31","KDU#94 - May Sale","https://kingdomdeath.com/news/mc-412c26c031","Longclaw Lenore - Painters Scale","https://shop.kingdomdeath.com/products/longclaw-lenore-painters-scale"
"2024-05-31","KDU#94 - May Sale","https://kingdomdeath.com/news/mc-412c26c031","Character - Elsbeth","https://shop.kingdomdeath.com/products/elsbeth"
"2024-05-31","KDU#94 - May Sale","https://kingdomdeath.com/news/mc-412c26c031","Scifi White Speaker Hard Plastic","https://shop.kingdomdeath.com/products/sci-fi-white-speaker-1"
"2024-07-03","KDU#95 - June Sale","https://kingdomdeath.com/news/mc-19f64c8184","Skyfisher Melo","https://shop.kingdomdeath.com/products/sky-fisher-melo"
"2024-07-03","KDU#95 - June Sale","https://kingdomdeath.com/news/mc-19f64c8184","Dark Soldier","https://shop.kingdomdeath.com/products/dark-soldier"
"2024-07-03","KDU#95 - June Sale","https://kingdomdeath.com/news/mc-19f64c8184","Father and Son - Painters Scale","https://shop.kingdomdeath.com/products/father-son"
"2024-07-03","KDU#95 - June Sale","https://kingdomdeath.com/news/mc-19f64c8184","Indomitable Survivor Greatest Gaxe - Morg","https://shop.kingdomdeath.com/products/indomitable-survivor-greatest-gaxe-morg"
"2024-07-26","KDU#96 -July sale is regional!","https://kingdomdeath.com/news/mc-2f16a9481e","Frogdog","https://shop.kingdomdeath.com/products/frogdog-expansion"
"2024-07-26","KDU#96 -July sale is regional!","https://kingdomdeath.com/news/mc-2f16a9481e","Seed Pattern - Willow","https://shop.kingdomdeath.com/products/seed-pattern-willow"
"2024-07-26","KDU#96 -July sale is regional!","https://kingdomdeath.com/news/mc-2f16a9481e","Ultimate Showdown Board","https://shop.kingdomdeath.com/products/ultimate-showdown-board"
"2024-07-26","KDU#96 -July sale is regional!","https://kingdomdeath.com/news/mc-2f16a9481e","Elsbeth","https://shop.kingdomdeath.com/products/elsbeth"
"2024-08-29","KDU#97 - Post-Gencon Excitement","https://kingdomdeath.com/news/mc-980dbb0cda","Biomech Butcher","https://shop.kingdomdeath.com/products/biomech-butcher"
"2024-08-29","KDU#97 - Post-Gencon Excitement","https://kingdomdeath.com/news/mc-980dbb0cda","Golden Bat Hunter Foltron","https://shop.kingdomdeath.com/products/golden-bat-hunter-foltron"
"2024-08-29","KDU#97 - Post-Gencon Excitement","https://kingdomdeath.com/news/mc-980dbb0cda","Questing Lucy","https://shop.kingdomdeath.com/products/questing-lucy"
"2024-08-29","KDU#97 - Post-Gencon Excitement","https://kingdomdeath.com/news/mc-980dbb0cda","Questing Zachary","https://shop.kingdomdeath.com/products/questing-zachary"
"2024-08-29","KDU#97 - Post-Gencon Excitement","https://kingdomdeath.com/news/mc-980dbb0cda","Deathking Armor Paladin - Painters Scale","https://shop.kingdomdeath.com/products/painters-scale-deathking-armor-paladin"
"2024-08-29","KDU#97 - Post-Gencon Excitement","https://kingdomdeath.com/news/mc-980dbb0cda","Survivors of Death I","https://shop.kingdomdeath.com/products/survivors-of-death-1"
"2024-08-29","KDU#97 - Post-Gencon Excitement","https://kingdomdeath.com/news/mc-980dbb0cda","Survivor Character - Glow","https://shop.kingdomdeath.com/products/glow"
"2024-08-29","KDU#97 - Post-Gencon Excitement","https://kingdomdeath.com/news/mc-980dbb0cda","Survivor Character - Lantern Armor Aya","https://shop.kingdomdeath.com/products/lantern-armor-aya"
"2024-08-29","KDU#97 - Post-Gencon Excitement","https://kingdomdeath.com/news/mc-980dbb0cda","Allison the Twilight Knight","https://shop.kingdomdeath.com/products/allison-the-twilight-knight"
"2024-08-29","KDU#97 - Post-Gencon Excitement","https://kingdomdeath.com/news/mc-980dbb0cda","Before the Wall","https://shop.kingdomdeath.com/products/before-the-wall"
"2024-08-29","KDU#97 - Post-Gencon Excitement","https://kingdomdeath.com/news/mc-980dbb0cda","Beyond the Wall","https://shop.kingdomdeath.com/products/beyond-the-wall-1a"
"2024-08-29","KDU#97 - Post-Gencon Excitement","https://kingdomdeath.com/news/mc-980dbb0cda","Detective Twilight Knight","https://shop.kingdomdeath.com/products/pinup-detective-twilight-knight"
"2024-08-29","KDU#97 - Post-Gencon Excitement","https://kingdomdeath.com/news/mc-980dbb0cda","Pinup Order Knight","https://shop.kingdomdeath.com/products/pinup-order-knight"
"2024-08-29","KDU#97 - Post-Gencon Excitement","https://kingdomdeath.com/news/mc-980dbb0cda","Pinup Scifi Twilight Knight","https://shop.kingdomdeath.com/products/pinup-sci-fi-twilight-knight-1"
"2024-08-29","KDU#97 - Post-Gencon Excitement","https://kingdomdeath.com/news/mc-980dbb0cda","Pinup Warrior of the Sun","https://shop.kingdomdeath.com/products/pinup-warrior-of-the-sun-1"
"2024-08-29","KDU#97 - Post-Gencon Excitement","https://kingdomdeath.com/news/mc-980dbb0cda","Pinup Wet Nurse","https://shop.kingdomdeath.com/products/pinup-wet-nurse-1"
"2024-08-29","KDU#97 - Post-Gencon Excitement","https://kingdomdeath.com/news/mc-980dbb0cda","Scifi White Speaker","https://shop.kingdomdeath.com/products/sci-fi-white-speaker-1"
"2024-08-29","KDU#97 - Post-Gencon Excitement","https://kingdomdeath.com/news/mc-980dbb0cda","White Speaker","https://shop.kingdomdeath.com/products/white-speaker-1"
"2024-08-29","KDU#97 - Post-Gencon Excitement","https://kingdomdeath.com/news/mc-980dbb0cda","Golden Bat Death Dice","https://shop.kingdomdeath.com/products/golden-bat-hunter-death-dice"
"2024-08-29","KDU#97 - Post-Gencon Excitement","https://kingdomdeath.com/news/mc-980dbb0cda","Art Prints (8.5x11)","https://shop.kingdomdeath.com/products/8-5x-11-art-prints-2024"
"2024-08-29","KDU#97 - Post-Gencon Excitement","https://kingdomdeath.com/news/mc-980dbb0cda","Art Prints (8.5x14)","https://shop.kingdomdeath.com/products/8-x-14-art-prints-2024"
"2024-08-29","KDU#97 - Post-Gencon Excitement","https://kingdomdeath.com/news/mc-980dbb0cda","Killennium Butcher Shirt","https://shop.kingdomdeath.com/products/killenium-butcher-t-shirt"
"2024-08-29","KDU#97 - Post-Gencon Excitement","https://kingdomdeath.com/news/mc-980dbb0cda","Frogdog Expansion","https://shop.kingdomdeath.com/products/frogdog-expansion"
"2024-09-30","KDU#98 - Back to School Sale","https://kingdomdeath.com/news/mc-51b46b06ac","Death High - Principal White Lion","https://shop.kingdomdeath.com/products/death-high-white-lion-1"
"2024-09-30","KDU#98 - Back to School Sale","https://kingdomdeath.com/news/mc-51b46b06ac","Death High - Herb Gatherer","https://shop.kingdomdeath.com/products/death-high-herb-gatherer"
"2024-09-30","KDU#98 - Back to School Sale","https://kingdomdeath.com/news/mc-51b46b06ac","Gold Smoke Knight Bust","https://shop.kingdomdeath.com/products/gold-smoke-knight-bust"
"2024-09-30","KDU#98 - Back to School Sale","https://kingdomdeath.com/news/mc-51b46b06ac","Sun Claws - Esther","https://shop.kingdomdeath.com/products/sun-claws-esther"
"2024-09-30","KDU#98 - Back to School Sale","https://kingdomdeath.com/news/mc-51b46b06ac","Death High - Disciple of the Witch One","https://shop.kingdomdeath.com/products/death-high-disciple-of-the-witch-one-2024"
"2024-09-30","KDU#98 - Back to School Sale","https://kingdomdeath.com/news/mc-51b46b06ac","Death High - Preacher","https://shop.kingdomdeath.com/products/death-high-male-preacher-2024"
"2024-09-30","KDU#98 - Back to School Sale","https://kingdomdeath.com/news/mc-51b46b06ac","Death High - White Speaker","https://shop.kingdomdeath.com/products/death-high-white-speaker-2024"
"2024-09-30","KDU#98 - Back to School Sale","https://kingdomdeath.com/news/mc-51b46b06ac","Death High - Twilight Knight","https://shop.kingdomdeath.com/products/death-high-twilight-knight-2024"
"2024-09-30","KDU#98 - Back to School Sale","https://kingdomdeath.com/news/mc-51b46b06ac","Survivor Character - Guinevere","https://shop.kingdomdeath.com/products/guinevere"
"2024-09-30","KDU#98 - Back to School Sale","https://kingdomdeath.com/news/mc-51b46b06ac","Indomitable Survivor - Thumping Timpani Ledla","https://shop.kingdomdeath.com/products/indomitable-survivor-thumping-timpani-ledla"
"2024-10-31","KDU#99 - Black Cats and Golden Bats","https://kingdomdeath.com/news/mc-059aa211d2","Golden Bat","https://shop.kingdomdeath.com/products/golden-bat"
"2024-10-31","KDU#99 - Black Cats and Golden Bats","https://kingdomdeath.com/news/mc-059aa211d2","Phoenix Hunt Reenactment","https://shop.kingdomdeath.com/products/phoenix-hunt-reenactment"
"2024-10-31","KDU#99 - Black Cats and Golden Bats","https://kingdomdeath.com/news/mc-059aa211d2","Black Cat Painters Scale","https://shop.kingdomdeath.com/products/painters-scale-black-cat"
"2024-10-31","KDU#99 - Black Cats and Golden Bats","https://kingdomdeath.com/news/mc-059aa211d2","Halloween Apotheosis","https://shop.kingdomdeath.com/products/halloween-apotheosis"
"2024-10-31","KDU#99 - Black Cats and Golden Bats","https://kingdomdeath.com/news/mc-059aa211d2","Brave + Hollow","https://shop.kingdomdeath.com/products/brave-hollow"
"2024-10-31","KDU#99 - Black Cats and Golden Bats","https://kingdomdeath.com/news/mc-059aa211d2","Necromancer Remaster","https://shop.kingdomdeath.com/products/necromancer-archival-remaster"
"2024-10-31","KDU#99 - Black Cats and Golden Bats","https://kingdomdeath.com/news/mc-059aa211d2","Necromancer Boss Remaster","https://shop.kingdomdeath.com/products/necromancer-boss-archival-remaster"
"2024-10-31","KDU#99 - Black Cats and Golden Bats","https://kingdomdeath.com/news/mc-059aa211d2","Disciple of the Witch - One","https://shop.kingdomdeath.com/products/disciple-of-the-witch-one"
"2024-10-31","KDU#99 - Black Cats and Golden Bats","https://kingdomdeath.com/news/mc-059aa211d2","Disciple of the Witch - Six","https://shop.kingdomdeath.com/products/disciple-of-the-witch-six"
"2024-10-31","KDU#99 - Black Cats and Golden Bats","https://kingdomdeath.com/news/mc-059aa211d2","Resin Halloween Pinup Twilight Knight","https://shop.kingdomdeath.com/products/halloween-special-pinup-twilight-knight"
"2024-10-31","KDU#99 - Black Cats and Golden Bats","https://kingdomdeath.com/news/mc-059aa211d2","Resin Halloween White Speaker","https://shop.kingdomdeath.com/products/halloween-white-speaker"
"2024-10-31","KDU#99 - Black Cats and Golden Bats","https://kingdomdeath.com/news/mc-059aa211d2","Octoberfest Aya","https://shop.kingdomdeath.com/products/oktoberfest-aya"
"2024-10-31","KDU#99 - Black Cats and Golden Bats","https://kingdomdeath.com/news/mc-059aa211d2","Halloween Survivors I","https://shop.kingdomdeath.com/products/halloween-survivors"
"2024-11-29","BLACK FRIDAY SALE AND NEWS","https://kingdomdeath.com/news/mc-1424666d1a","Sunlantern Armor - Aya (Plastic)","https://shop.kingdomdeath.com/products/sunlantern-armor-aya"
"2024-11-29","BLACK FRIDAY SALE AND NEWS","https://kingdomdeath.com/news/mc-1424666d1a","screaming sun armor lucy 1","https://shop.kingdomdeath.com/products/screaming-sun-armor-lucy-1"
"2024-11-29","BLACK FRIDAY SALE AND NEWS","https://kingdomdeath.com/news/mc-1424666d1a","waiting in the railyard","https://shop.kingdomdeath.com/products/waiting-in-the-railyard"
"2024-11-29","BLACK FRIDAY SALE AND NEWS","https://kingdomdeath.com/news/mc-1424666d1a","(Kingdom Death: Monster 1.6 + Gambler's Chest + Expansion Bundle","https://shop.kingdomdeath.com/products/ultimate-starting-survivor-set"
"2024-11-29","BLACK FRIDAY SALE AND NEWS","https://kingdomdeath.com/news/mc-1424666d1a","questing maids","https://shop.kingdomdeath.com/products/questing-maids"
"2024-11-29","BLACK FRIDAY SALE AND NEWS","https://kingdomdeath.com/news/mc-1424666d1a","Starting Survivor Set (Kingdom Death: Monster 1.6 + Gambler's Chest)","https://shop.kingdomdeath.com/products/starting-survivor-set"
"2024-11-29","BLACK FRIDAY SALE AND NEWS","https://kingdomdeath.com/news/mc-1424666d1a","15th Anniversary Survivors","https://shop.kingdomdeath.com/products/15th-anniversary-survivors"
"2024-11-29","BLACK FRIDAY SALE AND NEWS","https://kingdomdeath.com/news/mc-1424666d1a","Priestess Percival","https://shop.kingdomdeath.com/products/priestess-percival"
"2024-11-29","BLACK FRIDAY SALE AND NEWS","https://kingdomdeath.com/news/mc-1424666d1a","Naked Future 2024","https://shop.kingdomdeath.com/products/naked-future-2024"
"2024-11-29","BLACK FRIDAY SALE AND NEWS","https://kingdomdeath.com/news/mc-1424666d1a","Naked Questing Maids","https://shop.kingdomdeath.com/products/naked-questing-maids"
"2024-11-29","BLACK FRIDAY SALE AND NEWS","https://kingdomdeath.com/news/mc-1424666d1a","Naked Cat-Eater Knight","https://shop.kingdomdeath.com/products/naked-cat-eater-knight"
"2024-12-25","KDU#101 - Deathmas Cheer","https://kingdomdeath.com/news/mc-83970b9b56","Deathmas Percival - Painters Scale","https://shop.kingdomdeath.com/products/deathmas-percival-painters-scale"
"2024-12-25","KDU#101 - Deathmas Cheer","https://kingdomdeath.com/news/mc-83970b9b56","Deathmas Nico - Painters Scale","https://shop.kingdomdeath.com/products/holiday-white-speaker-nico-painters-scale"
"2024-12-25","KDU#101 - Deathmas Cheer","https://kingdomdeath.com/news/mc-83970b9b56","2 Deathmas 2 Apotheosis","https://shop.kingdomdeath.com/products/deathmas-apotheosis-2024"
"2024-12-25","KDU#101 - Deathmas Cheer","https://kingdomdeath.com/news/mc-83970b9b56","Deathmas Cockroach Queen","https://shop.kingdomdeath.com/products/deathmas-cockroach-queen-1"
"2024-12-25","KDU#101 - Deathmas Cheer","https://kingdomdeath.com/news/mc-83970b9b56","Festive Deathmas Art Prints","https://shop.kingdomdeath.com/products/8-5-x-11-deathmas-art-prints"
"2024-12-25","KDU#101 - Deathmas Cheer","https://kingdomdeath.com/news/mc-83970b9b56","Elgnirk, the Choas Elf","https://shop.kingdomdeath.com/products/elgnirk-the-chaos-elf"
"2024-12-25","KDU#101 - Deathmas Cheer","https://kingdomdeath.com/news/mc-83970b9b56","Naked Xmas Pinup Twilight Knight","https://shop.kingdomdeath.com/products/naked-xmas-pinup-twilight-knight"
"2024-12-25","KDU#101 - Deathmas Cheer","https://kingdomdeath.com/news/mc-83970b9b56","Female Visionary","https://shop.kingdomdeath.com/products/visionary-female"
"2025-01-31","KDU#102 - New Lantern Year January 2025","https://kingdomdeath.com/news/mc-fa567e6a76","Frozen Survivor - Camellia","https://shop.kingdomdeath.com/products/frozen-survivor-camellia"
"2025-01-31","KDU#102 - New Lantern Year January 2025","https://kingdomdeath.com/news/mc-fa567e6a76","Lunar Twilight Knight","https://shop.kingdomdeath.com/products/lunar-twilight-knight-male"
"2025-01-31","KDU#102 - New Lantern Year January 2025","https://kingdomdeath.com/news/mc-fa567e6a76","Sen Variant Painters Scale","https://shop.kingdomdeath.com/products/sen-variant-painters-scale"
"2025-01-31","KDU#102 - New Lantern Year January 2025","https://kingdomdeath.com/news/mc-fa567e6a76","Wendy, the Frozen Star Painters Scale","https://shop.kingdomdeath.com/products/wendy-the-frozen-star-painters-scale"
"2025-01-31","KDU#102 - New Lantern Year January 2025","https://kingdomdeath.com/news/mc-fa567e6a76","Seed Pattern - Jackel","https://shop.kingdomdeath.com/products/seed-pattern-jackel"
"2025-01-31","KDU#102 - New Lantern Year January 2025","https://kingdomdeath.com/news/mc-fa567e6a76","KDS: Frogdog Expansion","https://shop.kingdomdeath.com/products/kds-frogdog-expansion"
"2025-01-31","KDU#102 - New Lantern Year January 2025","https://kingdomdeath.com/news/mc-fa567e6a76","Lunar Twilight Knight - Fine Art Prints","https://shop.kingdomdeath.com/products/8-5-x-11-art-prints-2025"
"2025-03-03","KDU #103 - February 2025","https://kingdomdeath.com/news/mc-e8badbb129","Cupid Lucy","https://shop.kingdomdeath.com/products/cupid-lucy"
"2025-03-03","KDU #103 - February 2025","https://kingdomdeath.com/news/mc-e8badbb129","Cupid Lucy Painters Scale","https://shop.kingdomdeath.com/products/cupid-lucy-painters-scale-copy"
"2025-03-03","KDU #103 - February 2025","https://kingdomdeath.com/news/mc-e8badbb129","Hollowheart Rene Painters Scale","https://shop.kingdomdeath.com/products/hollowheart-rene-painters-scale"
"2025-03-03","KDU #103 - February 2025","https://kingdomdeath.com/news/mc-e8badbb129","Indomitable - Roaring Harmonica Kale","https://shop.kingdomdeath.com/products/indomitable-survivor-roaring-harmonica-kale"
"2025-03-03","KDU #103 - February 2025","https://kingdomdeath.com/news/mc-e8badbb129","40 Year Savior","https://shop.kingdomdeath.com/products/savior-40-years"
"2025-03-03","KDU #103 - February 2025","https://kingdomdeath.com/news/mc-e8badbb129","Valentine's Pinup Twilight Knight","https://shop.kingdomdeath.com/products/valentines-day-pinup-twilight-knight"
"2025-03-03","KDU #103 - February 2025","https://kingdomdeath.com/news/mc-e8badbb129","Valentine Death Dice","https://shop.kingdomdeath.com/products/valentines-day-death-dice"
"2025-03-03","KDU #103 - February 2025","https://kingdomdeath.com/news/mc-e8badbb129","Valentine's Day - Fine Art Prints","https://shop.kingdomdeath.com/products/8-5-x-11-art-prints-2025"
"2025-03-31","KDU #104 - March 2025","https://kingdomdeath.com/news/mc-b63c5e0bfe","Male Fighter","https://shop.kingdomdeath.com/products/male-fighter"
"2025-03-31","KDU #104 - March 2025","https://kingdomdeath.com/news/mc-b63c5e0bfe","White Speaker Bloodmage","https://shop.kingdomdeath.com/products/white-speaker-bloodmage"
"2025-03-31","KDU #104 - March 2025","https://kingdomdeath.com/news/mc-b63c5e0bfe","Rain Stalker","https://shop.kingdomdeath.com/products/rain-stalker"
"2025-03-31","KDU #104 - March 2025","https://kingdomdeath.com/news/mc-b63c5e0bfe","Hollow Bust","https://shop.kingdomdeath.com/products/hollow-bust"
"2025-03-31","KDU #104 - March 2025","https://kingdomdeath.com/news/mc-b63c5e0bfe","Indomitable - Tachyon Nodachi Rubi","https://shop.kingdomdeath.com/products/indomitable-survivor-tachyon-nodachi-rubi"
"2025-05-01","KDU #105 - April 2025","https://kingdomdeath.com/news/mc-c4395458a8","Lagomorph Kit","https://shop.kingdomdeath.com/products/lagomorph-kit"
"2025-05-01","KDU #105 - April 2025","https://kingdomdeath.com/news/mc-c4395458a8","Male Estate Hero","https://shop.kingdomdeath.com/products/male-estate-hero"
"2025-05-01","KDU #105 - April 2025","https://kingdomdeath.com/news/mc-c4395458a8","Lagomorph Incubation","https://shop.kingdomdeath.com/products/lagomorph-incubation"
"2025-05-01","KDU #105 - April 2025","https://kingdomdeath.com/news/mc-c4395458a8","Witch of the East Star Bust","https://shop.kingdomdeath.com/products/witch-of-the-east-star-bust"
"2025-05-01","KDU #105 - April 2025","https://kingdomdeath.com/news/mc-c4395458a8","Black Knight Citadel Board Travel Edition","https://shop.kingdomdeath.com/products/black-knight-citadel-board-travel-edition"
"2025-05-01","KDU #105 - April 2025","https://kingdomdeath.com/news/mc-c4395458a8","Reverse Lagomorph Erza (Painter's Scale)","https://shop.kingdomdeath.com/products/reverse-lagomoprh-erza-painters-scale"
"2025-05-01","KDU #105 - April 2025","https://kingdomdeath.com/news/mc-c4395458a8","Indomitable - Dashing Reaper Paleun","https://shop.kingdomdeath.com/products/indomitable-dashing-reaper-paleun"
"2025-05-01","KDU #105 - April 2025","https://kingdomdeath.com/news/mc-c4395458a8","Fine Art Prints","https://shop.kingdomdeath.com/products/8-5-x-11-art-prints-april-2025"
"2025-05-30","KDU #106 - May 2025","https://kingdomdeath.com/news/mc-a9d27eedc7","Mole","https://shop.kingdomdeath.com/products/mole"
"2025-05-30","KDU #106 - May 2025","https://kingdomdeath.com/news/mc-a9d27eedc7","Great Game Hunter Bravado","https://shop.kingdomdeath.com/products/great-game-hunter-bravado"
"2025-05-30","KDU #106 - May 2025","https://kingdomdeath.com/news/mc-a9d27eedc7","Illuminated Lady 2","https://shop.kingdomdeath.com/products/illuminated-lady-2"
"2025-05-30","KDU #106 - May 2025","https://kingdomdeath.com/news/mc-a9d27eedc7","Painters Scale Thief Variant","https://shop.kingdomdeath.com/products/eod-thief-variant-painter"
"2025-05-30","KDU #106 - May 2025","https://kingdomdeath.com/news/mc-a9d27eedc7","Indomitable - Poison Partisan Ritika","https://shop.kingdomdeath.com/products/indomitable-survivor-poison-partisan-ritika"
"2025-05-30","KDU #106 - May 2025","https://kingdomdeath.com/news/mc-a9d27eedc7","Blood Mage Preorder","https://shop.kingdomdeath.com/products/white-speaker-bloodmage-preorder"
"2025-05-30","KDU #106 - May 2025","https://kingdomdeath.com/news/mc-a9d27eedc7","Forsaker","https://shop.kingdomdeath.com/products/forsaker"
"2025-05-30","KDU #106 - May 2025","https://kingdomdeath.com/news/mc-a9d27eedc7","Fine Art Prints","https://shop.kingdomdeath.com/products/8-5-x-11-art-prints-may-2025"
"2025-05-30","KDU #106 - May 2025","https://kingdomdeath.com/news/mc-a9d27eedc7","Parasite Queen Shirt","https://shop.kingdomdeath.com/products/parasite-queen-t-shirt"
"2025-06-30","KDU #107 - June 2025","https://kingdomdeath.com/news/mc-0620fe74a1","Orc Boss","https://shop.kingdomdeath.com/products/orc-boss"
"2025-06-30","KDU #107 - June 2025","https://kingdomdeath.com/news/mc-0620fe74a1","Summer Grimmory","https://shop.kingdomdeath.com/products/summer-grimmory"
"2025-06-30","KDU #107 - June 2025","https://kingdomdeath.com/news/mc-0620fe74a1","Summer Aquanaut Erza","https://shop.kingdomdeath.com/products/summer-aquanaut-erza"
"2025-06-30","KDU #107 - June 2025","https://kingdomdeath.com/news/mc-0620fe74a1","Painters Scale Summer Aya","https://shop.kingdomdeath.com/products/summer-aya-painters-scale"
"2025-06-30","KDU #107 - June 2025","https://kingdomdeath.com/news/mc-0620fe74a1","Indomitable - Tyrant Slayer Scarlet","https://shop.kingdomdeath.com/products/indomitable-survivor-tyrant-slayer-scarlet"
"2025-06-30","KDU #107 - June 2025","https://kingdomdeath.com/news/mc-0620fe74a1","Fine Art Prints","https://shop.kingdomdeath.com/products/8-5-x-11-art-prints-june-2025"
"2025-07-22","Preorder Sale! Pariah, Red Witches, Wanderers, and more!","https://kingdomdeath.com/news/mc-30cbd54fbe","RED WITCHES EXPANSION","https://shop.kingdomdeath.com/products/preorder-red-witches-expansion"
"2025-07-22","Preorder Sale! Pariah, Red Witches, Wanderers, and more!","https://kingdomdeath.com/news/mc-30cbd54fbe","PARIAH EXPANSION","https://shop.kingdomdeath.com/products/preorder-pariah-expansion"
"2025-07-22","Preorder Sale! Pariah, Red Witches, Wanderers, and more!","https://kingdomdeath.com/news/mc-30cbd54fbe","WANDERER GOTH","https://shop.kingdomdeath.com/products/preorder-wanderer-goth"
"2025-07-22","Preorder Sale! Pariah, Red Witches, Wanderers, and more!","https://kingdomdeath.com/news/mc-30cbd54fbe","WANDERER CANDY & COLA","https://shop.kingdomdeath.com/products/preorder-wanderer-candy"
"2025-07-22","Preorder Sale! Pariah, Red Witches, Wanderers, and more!","https://kingdomdeath.com/news/mc-30cbd54fbe","WANDERER DEATH DRIFTER","https://shop.kingdomdeath.com/products/preorder-wanderer-death-drifter"
"2025-07-22","Preorder Sale! Pariah, Red Witches, Wanderers, and more!","https://kingdomdeath.com/news/mc-30cbd54fbe","WANDERER AENEAS","https://shop.kingdomdeath.com/products/preorder-wanderer-aeneas"
"2025-07-22","Preorder Sale! Pariah, Red Witches, Wanderers, and more!","https://kingdomdeath.com/news/mc-30cbd54fbe","FALSE MESSENGERS","https://shop.kingdomdeath.com/products/preorder-false-messengers"
"2025-07-22","Preorder Sale! Pariah, Red Witches, Wanderers, and more!","https://kingdomdeath.com/news/mc-30cbd54fbe","PHILOSOPHIES OF DEATH: GATHERISM","https://shop.kingdomdeath.com/products/preorder-philosophy-of-death-gatherism"
"2025-07-22","Preorder Sale! Pariah, Red Witches, Wanderers, and more!","https://kingdomdeath.com/news/mc-30cbd54fbe","PILLAR PERCIVAL","https://shop.kingdomdeath.com/products/preorder-pillar-percival"
"2025-07-22","Preorder Sale! Pariah, Red Witches, Wanderers, and more!","https://kingdomdeath.com/news/mc-30cbd54fbe","ADVERSARIES AND ALLIES BUNDLE","https://shop.kingdomdeath.com/products/preorder-2025-adversaries-and-allies-bundle"
"2025-08-29","KDU #109 - August 2025- Return from Gencon!","https://kingdomdeath.com/news/mc-f54efd621f","KINGDOM DEATH:","https://shop.kingdomdeath.com/products/kingdom-death-monster-1-5"
"2025-08-29","KDU #109 - August 2025- Return from Gencon!","https://kingdomdeath.com/news/mc-f54efd621f","Sci Fi Percival","https://shop.kingdomdeath.com/products/sci-fi-percival"
"2025-08-29","KDU #109 - August 2025- Return from Gencon!","https://kingdomdeath.com/news/mc-f54efd621f","Sci Fi Percival Painters Scale","https://shop.kingdomdeath.com/products/sci-fi-percival-painters-scale"
"2025-08-29","KDU #109 - August 2025- Return from Gencon!","https://kingdomdeath.com/news/mc-f54efd621f","Questing Erza","https://shop.kingdomdeath.com/products/questing-erza"
"2025-08-29","KDU #109 - August 2025- Return from Gencon!","https://kingdomdeath.com/news/mc-f54efd621f","Investment Sniper Punctual Bride","https://shop.kingdomdeath.com/products/investment-sniper-punctual-bride"
"2025-08-29","KDU #109 - August 2025- Return from Gencon!","https://kingdomdeath.com/news/mc-f54efd621f","Flower Knight Bust","https://shop.kingdomdeath.com/products/flower-knight-bust"
"2025-08-29","KDU #109 - August 2025- Return from Gencon!","https://kingdomdeath.com/news/mc-f54efd621f","Indomitable Survivor - Oblouk Shield Arco","https://shop.kingdomdeath.com/products/indomitable-survivor-oblouk-shield-arco"
"2025-08-29","KDU #109 - August 2025- Return from Gencon!","https://kingdomdeath.com/news/mc-f54efd621f","Indomitable Survivor - Toxicimitar Badar","https://shop.kingdomdeath.com/products/indomitable-survivor-toxicimitar-badar"
"2025-08-29","KDU #109 - August 2025- Return from Gencon!","https://kingdomdeath.com/news/mc-f54efd621f","Survivors of Death II","https://shop.kingdomdeath.com/products/survivors-of-death-2"
"2025-08-29","KDU #109 - August 2025- Return from Gencon!","https://kingdomdeath.com/news/mc-f54efd621f","Legendary Character - Snow the Savior","https://shop.kingdomdeath.com/products/snow-the-savior"
"2025-08-29","KDU #109 - August 2025- Return from Gencon!","https://kingdomdeath.com/news/mc-f54efd621f","Pillar Survivor - Fade","https://shop.kingdomdeath.com/products/fade-pillar-survivor"
"2025-08-29","KDU #109 - August 2025- Return from Gencon!","https://kingdomdeath.com/news/mc-f54efd621f","Phobia: The Hunt","https://shop.kingdomdeath.com/products/phobia-the-hunt"
"2025-08-29","KDU #109 - August 2025- Return from Gencon!","https://kingdomdeath.com/news/mc-f54efd621f","Black and Red Dice","https://shop.kingdomdeath.com/products/black-and-red-dice"
"2025-08-29","KDU #109 - August 2025- Return from Gencon!","https://kingdomdeath.com/news/mc-f54efd621f","Gencon Fine Art Prints","https://shop.kingdomdeath.com/products/8-5-x-11-art-prints-august-2025"
"2025-08-29","KDU #109 - August 2025- Return from Gencon!","https://kingdomdeath.com/news/mc-f54efd621f","Ivory Dragon Shirt","https://shop.kingdomdeath.com/products/ivory-dragon-t-shirt-gc-copy"
"2025-09-30","KDU#110- Back to School September!","https://kingdomdeath.com/news/mc-efe6722157","Painters Scale Death High Satan Twins","https://shop.kingdomdeath.com/products/death-high-satan-twins-painters-scale"
"2025-09-30","KDU#110- Back to School September!","https://kingdomdeath.com/news/mc-efe6722157","Painters Scale Punctual Bride Investment Sniper","https://shop.kingdomdeath.com/products/ investment-sniper-punctual-bride-painters-scale"
"2025-09-30","KDU#110- Back to School September!","https://kingdomdeath.com/news/mc-efe6722157","Death High Esther","https://shop.kingdomdeath.com/products/death-high-esther"
"2025-09-30","KDU#110- Back to School September!","https://kingdomdeath.com/news/mc-efe6722157","Death High PE Teacher Dung Beetle Knight","https://shop.kingdomdeath.com/products/death-high-dung-beetle-knight"
"2025-09-30","KDU#110- Back to School September!","https://kingdomdeath.com/news/mc-efe6722157","Death High Satan X","https://shop.kingdomdeath.com/products/death-high-satan-x"
"2025-09-30","KDU#110- Back to School September!","https://kingdomdeath.com/news/mc-efe6722157","Indomitable Survivor Fated Dagger Domino","https://shop.kingdomdeath.com/products/indomitable-survivor-fated-dagger-domino"
"2025-09-30","KDU#110- Back to School September!","https://kingdomdeath.com/news/mc-efe6722157","Pillar Percival","https://shop.kingdomdeath.com/products/pillar-percival"
"2025-09-30","KDU#110- Back to School September!","https://kingdomdeath.com/news/mc-efe6722157","Red Witches Expansion","https://shop.kingdomdeath.com/products/red-witches-expansion"
"2025-09-30","KDU#110- Back to School September!","https://kingdomdeath.com/news/mc-efe6722157","Pariah Expansion","https://shop.kingdomdeath.com/products/pariah-expansion"
"2025-09-30","KDU#110- Back to School September!","https://kingdomdeath.com/news/mc-efe6722157","Wanderer: Aeneas","https://shop.kingdomdeath.com/products/wanderer-aeneas"
"2025-09-30","KDU#110- Back to School September!","https://kingdomdeath.com/news/mc-efe6722157","Wanderer: Candy & Cola","https://shop.kingdomdeath.com/products/wanderer-candy"
"2025-09-30","KDU#110- Back to School September!","https://kingdomdeath.com/news/mc-efe6722157","Wanderer: Death Drifter","https://shop.kingdomdeath.com/products/wanderer-death-drifter"
"2025-09-30","KDU#110- Back to School September!","https://kingdomdeath.com/news/mc-efe6722157","Wanderer: Goth","https://shop.kingdomdeath.com/products/wanderer-goth"
"2025-09-30","KDU#110- Back to School September!","https://kingdomdeath.com/news/mc-efe6722157","Philosophies of Death - Gatherism","https://shop.kingdomdeath.com/products/philosophy-of-death-gatherism"
"2025-09-30","KDU#110- Back to School September!","https://kingdomdeath.com/news/mc-efe6722157","False Messengers","https://shop.kingdomdeath.com/products/false-messengers"
"2025-09-30","KDU#110- Back to School September!","https://kingdomdeath.com/news/mc-efe6722157","Death High - Twilight Knight Allison","https://shop.kingdomdeath.com/products/death-high-twilight-knight-2024"
"2025-09-30","KDU#110- Back to School September!","https://kingdomdeath.com/news/mc-efe6722157","Dungeon Deck Shirt","https://shop.kingdomdeath.com/products/dungeon-deck-t-shirt"
"2025-09-30","KDU#110- Back to School September!","https://kingdomdeath.com/news/mc-efe6722157","September Art Prints","https://shop.kingdomdeath.com/products/ 8-5-x-11-art-prints-september-2025"
"2025-09-30","KDU#110- Back to School September!","https://kingdomdeath.com/news/mc-efe6722157","KDS Pariah Expansion","https://shop.kingdomdeath.com/products/kds-pariah"
"2025-09-30","KDU#110- Back to School September!","https://kingdomdeath.com/news/mc-efe6722157","KDS Red Witches Expansion","https://shop.kingdomdeath.com/products/kds-red-witches"
"2025-09-30","KDU#110- Back to School September!","https://kingdomdeath.com/news/mc-efe6722157","kingdom death monster 1 5","https://shop.kingdomdeath.com/products/kingdom-death-monster-1-5"
"2025-10-31","KDU#111- Halloween Again?!?!","https://kingdomdeath.com/news/mc-4732bfaa3d","Screaming Nukealope","https://shop.kingdomdeath.com/products/vignette-of-death-screaming-nukealope"
"2025-10-31","KDU#111- Halloween Again?!?!","https://kingdomdeath.com/news/mc-4732bfaa3d","Endemic Life","https://shop.kingdomdeath.com/products/endemic-life"
"2025-10-31","KDU#111- Halloween Again?!?!","https://kingdomdeath.com/news/mc-4732bfaa3d","Dark Confidant","https://shop.kingdomdeath.com/products/dark-confidant"
"2025-10-31","KDU#111- Halloween Again?!?!","https://kingdomdeath.com/news/mc-4732bfaa3d","Painters Scale Neko Twilight Knight - Maid","https://shop.kingdomdeath.com/products/neko-twilight-knight-maid-painters-scale"
"2025-10-31","KDU#111- Halloween Again?!?!","https://kingdomdeath.com/news/mc-4732bfaa3d","Ashbloom of Dedheim","https://shop.kingdomdeath.com/products/ashbloom-of-dedheim"
"2025-10-31","KDU#111- Halloween Again?!?!","https://kingdomdeath.com/news/mc-4732bfaa3d","Necromancer","https://shop.kingdomdeath.com/products/necromancer"
"2025-10-31","KDU#111- Halloween Again?!?!","https://kingdomdeath.com/news/mc-4732bfaa3d","Death High - Disciple of the Witch","https://shop.kingdomdeath.com/products/death-high-disciple-of-the-witch-one"
"2025-10-31","KDU#111- Halloween Again?!?!","https://kingdomdeath.com/news/mc-4732bfaa3d","Disciple of the Witch - Two","https://shop.kingdomdeath.com/products/disciple-of-the-witch-two"
"2025-10-31","KDU#111- Halloween Again?!?!","https://kingdomdeath.com/news/mc-4732bfaa3d","Screaming Nukealope Shirt","https://shop.kingdomdeath.com/products/screaming-nukealope-t-shirt"
"2025-10-31","KDU#111- Halloween Again?!?!","https://kingdomdeath.com/news/mc-4732bfaa3d","October Art Prints","https://shop.kingdomdeath.com/products/ 8-5-x-11-art-prints-halloween-2025"
"2025-10-31","KDU#111- Halloween Again?!?!","https://kingdomdeath.com/news/mc-4732bfaa3d","Kingdom Death: Monster","https://shop.kingdomdeath.com/products/kingdom-death-monster-1-5"
"2025-11-28","BLACK FRIDAY 2025","https://kingdomdeath.com/news/mc-89c6635b71","KDS Gambler's Chest Expansion","https://shop.kingdomdeath.com/products/kds-gamblers-chest"
"2025-11-28","BLACK FRIDAY 2025","https://kingdomdeath.com/news/mc-89c6635b71","Black Friday Formal Erza (Painters Scale)","https://shop.kingdomdeath.com/products/black-friday-formal-erza-painters-scale"
"2025-11-28","BLACK FRIDAY 2025","https://kingdomdeath.com/news/mc-89c6635b71","Ashbloom Bust","https://shop.kingdomdeath.com/products/ashbloom-bust"
"2025-11-28","BLACK FRIDAY 2025","https://kingdomdeath.com/news/mc-89c6635b71","Woe Grimmory","https://shop.kingdomdeath.com/products/woe-grimmory"
"2025-11-28","BLACK FRIDAY 2025","https://kingdomdeath.com/news/mc-89c6635b71","People of the Sun - Priestess Percival","https://shop.kingdomdeath.com/products/people-of-the-sun-priestess-percival"
"2025-11-28","BLACK FRIDAY 2025","https://kingdomdeath.com/news/mc-89c6635b71","Naked Cat Doctors","https://shop.kingdomdeath.com/products/naked-cat-doctors"
"2025-11-28","BLACK FRIDAY 2025","https://kingdomdeath.com/news/mc-89c6635b71","Mystery Shirt","https://shop.kingdomdeath.com/products/mystery-t-shirt"
"2025-12-25","KDU#113- Merry Deathmas!","https://kingdomdeath.com/news/mc-70337e8ed3","Deathmas Kale","https://shop.kingdomdeath.com/products/deathmas-kale"
"2025-12-25","KDU#113- Merry Deathmas!","https://kingdomdeath.com/news/mc-70337e8ed3","Deathmas Gunborg Sleighs Painters Scale","https://shop.kingdomdeath.com/products/deathmas-gunborg-painters-scale"
"2025-12-25","KDU#113- Merry Deathmas!","https://kingdomdeath.com/news/mc-70337e8ed3","Deathmas Gunborg","https://shop.kingdomdeath.com/products/deathmas-gunborg"
"2025-12-25","KDU#113- Merry Deathmas!","https://kingdomdeath.com/news/mc-70337e8ed3","Deathmas Percival","https://shop.kingdomdeath.com/products/deathmas-percival"
"2025-12-25","KDU#113- Merry Deathmas!","https://kingdomdeath.com/news/mc-70337e8ed3","Deathmas Art Prints","https://shop.kingdomdeath.com/products/ 8-5-x-11-deathmas-art-prints-copy"
"2026-01-30","KDU#114 - New Moon Sale","https://kingdomdeath.com/news/mc-6dbd3bb0aa","Lunar Red Witch Seer","https://shop.kingdomdeath.com/products/lunar-red-witch-seer"
"2026-01-30","KDU#114 - New Moon Sale","https://kingdomdeath.com/news/mc-6dbd3bb0aa","Frozen Survivor - Cyclamen","https://shop.kingdomdeath.com/products/frozen-survivor-cyclamen"
"2026-01-30","KDU#114 - New Moon Sale","https://kingdomdeath.com/news/mc-6dbd3bb0aa","Deathking Armor Bust","https://shop.kingdomdeath.com/products/deathking-armor-bust"
"2026-01-30","KDU#114 - New Moon Sale","https://kingdomdeath.com/news/mc-6dbd3bb0aa","Wanderer Preacher","https://shop.kingdomdeath.com/products/wanderer-preacher"
"2026-01-30","KDU#114 - New Moon Sale","https://kingdomdeath.com/news/mc-6dbd3bb0aa","Seed Pattern Survivor - Ingama","https://shop.kingdomdeath.com/products/seed-pattern-ingama"
"2026-01-30","KDU#114 - New Moon Sale","https://kingdomdeath.com/news/mc-6dbd3bb0aa","Hellebore - A Frozen Survivor","https://shop.kingdomdeath.com/products/hellebore-a-frozen-survivor"
"2026-01-30","KDU#114 - New Moon Sale","https://kingdomdeath.com/news/mc-6dbd3bb0aa","Lunar Festival Art Prints","https://shop.kingdomdeath.com/products/ 8-5-x-11-january-2026-art-prints"
"2026-01-30","KDU#114 - New Moon Sale","https://kingdomdeath.com/news/mc-6dbd3bb0aa","KDS Lunar Aya","https://shop.kingdomdeath.com/products/kds-lunar-aya"
"2026-02-27","KDU#115 - February Sale","https://kingdomdeath.com/news/mc-efe17b4f7c","Allison Loves Kingdom Death - Painters Scale","https://shop.kingdomdeath.com/products/allison-loves-kingdom-death-painters-scale"
"2026-02-27","KDU#115 - February Sale","https://kingdomdeath.com/news/mc-efe17b4f7c","Griswaldan","https://shop.kingdomdeath.com/products/https://shop.kingdomdeath.com/products/griswaldan"
"2026-02-27","KDU#115 - February Sale","https://kingdomdeath.com/news/mc-efe17b4f7c","Phantom Weaver - Delusion of the Royal Jelly","https://shop.kingdomdeath.com/products/phantom-weaver"
"2026-02-27","KDU#115 - February Sale","https://kingdomdeath.com/news/mc-efe17b4f7c","Iron Succubus","https://shop.kingdomdeath.com/products/iron-succubus"
"2026-02-27","KDU#115 - February Sale","https://kingdomdeath.com/news/mc-efe17b4f7c","Indomitable Survivor - Heartleech Baselard Rene","https://shop.kingdomdeath.com/products/indomitable-survivor-heartleech-baselard-rene"
"2026-02-27","KDU#115 - February Sale","https://kingdomdeath.com/news/mc-efe17b4f7c","Till Death Do Us Part (Remaster)","https://shop.kingdomdeath.com/products/till-death-do-us-part-2-0"
"2026-02-27","KDU#115 - February Sale","https://kingdomdeath.com/news/mc-efe17b4f7c","Valentine's Day Art Prints","https://shop.kingdomdeath.com/products/8-5-x-11-february-2026-art-prints"
"2026-02-27","KDU#115 - February Sale","https://kingdomdeath.com/news/mc-efe17b4f7c","Despair Shirt","https://shop.kingdomdeath.com/products/despair-t-shirt"
"2026-02-27","KDU#115 - February Sale","https://kingdomdeath.com/news/mc-efe17b4f7c","Death High - Twilight Knight (Female)","https://shop.kingdomdeath.com/products/death-high-twilight-knight-female"
"2026-02-27","KDU#115 - February Sale","https://kingdomdeath.com/news/mc-efe17b4f7c","KDS Wanderer Goth","https://shop.kingdomdeath.com/products/kds-wanderer-goth"
"2026-04-01","KDU#116 - March Sale","https://kingdomdeath.com/news/mc-33e1dc56a3","Holy Priests","https://shop.kingdomdeath.com/products/holy-priests"
"2026-04-01","KDU#116 - March Sale","https://kingdomdeath.com/news/mc-33e1dc56a3","Lion Champion","https://shop.kingdomdeath.com/products/lion-champion"
"2026-04-01","KDU#116 - March Sale","https://kingdomdeath.com/news/mc-33e1dc56a3","Lion Knight Scholar","https://shop.kingdomdeath.com/products/lion-scholar"
"2026-04-01","KDU#116 - March Sale","https://kingdomdeath.com/news/mc-33e1dc56a3","Mother Painters Scale","https://shop.kingdomdeath.com/products/mother-painters-scale"
"2026-04-01","KDU#116 - March Sale","https://kingdomdeath.com/news/mc-33e1dc56a3","Forgot Bust","https://shop.kingdomdeath.com/products/forgot-bust"
"2026-04-01","KDU#116 - March Sale","https://kingdomdeath.com/news/mc-33e1dc56a3","Pillar - Forge Priest","https://shop.kingdomdeath.com/products/pillar-forge-priest"
"2026-04-01","KDU#116 - March Sale","https://kingdomdeath.com/news/mc-33e1dc56a3","March Art Prints","https://shop.kingdomdeath.com/products/8-5-x-11-march-2026-art-prints"
"2026-04-01","KDU#116 - March Sale","https://kingdomdeath.com/news/mc-33e1dc56a3","KDS Wanderer - Candy & Cola","https://shop.kingdomdeath.com/products/kds-candy-cola"
"2026-04-01","KDU#116 - March Sale","https://kingdomdeath.com/news/mc-33e1dc56a3","Kingdom Death: Monster BACK IN STOCK","https://shop.kingdomdeath.com/products/kingdom-death-monster-1-5"
"2026-04-30","KDU#117 - April Sale","https://kingdomdeath.com/news/mc-6db625f168","Lagomorph Prey - Des","https://shop.kingdomdeath.com/products/lagomorph-prey-des"
"2026-04-30","KDU#117 - April Sale","https://kingdomdeath.com/news/mc-6db625f168","Ray Vermillion","https://shop.kingdomdeath.com/products/ray-vermillion"
"2026-04-30","KDU#117 - April Sale","https://kingdomdeath.com/news/mc-6db625f168","Lagomorph Endemic Life","https://shop.kingdomdeath.com/products/lagomorph-endemic-life"
"2026-04-30","KDU#117 - April Sale","https://kingdomdeath.com/news/mc-6db625f168","Reverse Lagomorph Lucy - Painters Scale","https://shop.kingdomdeath.com/products/reverse-lagomorph-lucy-painters-scale"
"2026-04-30","KDU#117 - April Sale","https://kingdomdeath.com/news/mc-6db625f168","Cheeky Allison - Painters Scale","https://shop.kingdomdeath.com/products/cheeky-allison-painters-scale"
"2026-04-30","KDU#117 - April Sale","https://kingdomdeath.com/news/mc-6db625f168","Seed Pattern Survivor - Zaniyah","https://shop.kingdomdeath.com/products/seed-pattern-zaniyah"
"2026-04-30","KDU#117 - April Sale","https://kingdomdeath.com/news/mc-6db625f168","Reverse Lagomorph Erza - Painters Scale","https://shop.kingdomdeath.com/products/reverse-lagomoprh-erza-painters-scale"
"2026-04-30","KDU#117 - April Sale","https://kingdomdeath.com/news/mc-6db625f168","April Art Prints","https://shop.kingdomdeath.com/products/8-5-x-11-april-2026-art-prints"
"2026-04-30","KDU#117 - April Sale","https://kingdomdeath.com/news/mc-6db625f168","KDS Wanderer - Aeneas","https://shop.kingdomdeath.com/products/kds-aeneas"
"2026-04-30","KDU#117 - April Sale","https://kingdomdeath.com/news/mc-6db625f168","Wanderer - Preacher AT REGIONAL WAREHOUSES","https://shop.kingdomdeath.com/products/wanderer-preacher"
"2026-05-29","KDU#118 - May Sale","https://kingdomdeath.com/news/mc-8d39846404","Male Survivor - Lionel","https://shop.kingdomdeath.com/products/white-lion-lionel"
"2026-05-29","KDU#118 - May Sale","https://kingdomdeath.com/news/mc-8d39846404","Male Survivor - Guy","https://shop.kingdomdeath.com/products/male-survivor-guy"
"2026-05-29","KDU#118 - May Sale","https://kingdomdeath.com/news/mc-8d39846404","Painters Scale - Mirrorstone Survivor - Male","https://shop.kingdomdeath.com/products/people-of-the-mirrorstone-male-painters-scale"
"2026-05-29","KDU#118 - May Sale","https://kingdomdeath.com/news/mc-8d39846404","First Hero Bust - Male","https://shop.kingdomdeath.com/products/first-hero-male-bust"
"2026-05-29","KDU#118 - May Sale","https://kingdomdeath.com/news/mc-8d39846404","Character - Stone Wrecker","https://shop.kingdomdeath.com/products/stone-wrecker-1"
"2026-05-29","KDU#118 - May Sale","https://kingdomdeath.com/news/mc-8d39846404","Chef - Male","https://shop.kingdomdeath.com/products/chef-male"
"2026-05-29","KDU#118 - May Sale","https://kingdomdeath.com/news/mc-8d39846404","8.5 x 11 2026 Art Prints","https://shop.kingdomdeath.com/products/8-5-x-11-may-2026-art-prints"
"2026-05-29","KDU#118 - May Sale","https://kingdomdeath.com/news/mc-8d39846404","KDS Wanderer - Hyperlight Drifter","https://shop.kingdomdeath.com/products/kds-death-drifter"
"2026-06-30","KDU#119 - June Sale","https://kingdomdeath.com/news/mc-1e629ee9e0","Summer Archivist - Painters Scale","https://shop.kingdomdeath.com/products/summer-archivist-painters-scale"
"2026-06-30","KDU#119 - June Sale","https://kingdomdeath.com/news/mc-1e629ee9e0","Woe White Speaker","https://shop.kingdomdeath.com/products/woe-white-speaker"
"2026-06-30","KDU#119 - June Sale","https://kingdomdeath.com/news/mc-1e629ee9e0","Dermacentaur","https://shop.kingdomdeath.com/products/dermacentaur"
"2026-06-30","KDU#119 - June Sale","https://kingdomdeath.com/news/mc-1e629ee9e0","Starting Survivor Allison","https://shop.kingdomdeath.com/products/starting-survivor-allison"
"2026-06-30","KDU#119 - June Sale","https://kingdomdeath.com/news/mc-1e629ee9e0","Indomitable Survivor - Pulverizing Star Venus","https://shop.kingdomdeath.com/products/indomitable-survivor-pulverizing-star-venus"
"2026-06-30","KDU#119 - June Sale","https://kingdomdeath.com/news/mc-1e629ee9e0","8.5 x 11 June 2026 Art Prints","https://shop.kingdomdeath.com/products/8-5-x-11-june-2026-art-prints"
"2026-06-30","KDU#119 - June Sale","https://kingdomdeath.com/news/mc-1e629ee9e0","KDS Vignette of Death: Screaming Nukealope","https://shop.kingdomdeath.com/products/kds-nukealope"
"2026-07-31","KDU#120 - Regional sale stampede","https://kingdomdeath.com/news/mc-62acd5af71","Screaming God Expansion","https://shop.kingdomdeath.com/products/screaming-god-expansion"
"2026-07-31","KDU#120 - Regional sale stampede","https://kingdomdeath.com/news/mc-62acd5af71","Indomitable Survivor - Ballistic Brayonet Belvedere","https://shop.kingdomdeath.com/products/indomitable-survivor-ballistic-brayonet-belvedere"
"2026-07-31","KDU#120 - Regional sale stampede","https://kingdomdeath.com/news/mc-62acd5af71","KDS Screaming God Expansion","https://shop.kingdomdeath.com/products/kds-screaming-god"
"2026-08-31","KDU#121 - August Post-Gen Con sale part 1","https://kingdomdeath.com/news/mc-4159b508ca","Questing Aya","https://shop.kingdomdeath.com/products/questing-aya"
"2026-08-31","KDU#121 - August Post-Gen Con sale part 1","https://kingdomdeath.com/news/mc-4159b508ca","Level 2 Butcher - Prototype","https://shop.kingdomdeath.com/products/butcher-lvl-2-prototype"
"2026-08-31","KDU#121 - August Post-Gen Con sale part 1","https://kingdomdeath.com/news/mc-4159b508ca","Sci Fi Dwelling Keeper","https://shop.kingdomdeath.com/products/sci-fi-dwelling-keeper"
"2026-08-31","KDU#121 - August Post-Gen Con sale part 1","https://kingdomdeath.com/news/mc-4159b508ca","Sci Fi Dwelling Keeper - Painters Scale","https://shop.kingdomdeath.com/products/sci-fi-dwelling-keeper-painters-scale"
"2026-08-31","KDU#121 - August Post-Gen Con sale part 1","https://kingdomdeath.com/news/mc-4159b508ca","Honeycomb Weaver Shirt","https://shop.kingdomdeath.com/products/honeycomb-weaver-t-shirt"
"2026-08-31","KDU#121 - August Post-Gen Con sale part 1","https://kingdomdeath.com/news/mc-4159b508ca","Phobia #2: The Settlement","https://shop.kingdomdeath.com/products/kingdom-death-comic-phobia-2-the-settlement"
"2026-08-31","KDU#121 - August Post-Gen Con sale part 1","https://kingdomdeath.com/news/mc-4159b508ca","Light and Shadow Luxury Dice","https://shop.kingdomdeath.com/products/light-and-shadow-death-dice"
"2026-08-31","KDU#121 - August Post-Gen Con sale part 1","https://kingdomdeath.com/news/mc-4159b508ca","Parasite Queen Dice","https://shop.kingdomdeath.com/products/parasite-queen-death-dice"
"2026-08-31","KDU#121 - August Post-Gen Con sale part 1","https://kingdomdeath.com/news/mc-4159b508ca","Twilight Knight","https://shop.kingdomdeath.com/products/twilight-knight"
"2026-08-31","KDU#121 - August Post-Gen Con sale part 1","https://kingdomdeath.com/news/mc-4159b508ca","8.5 x 11 August 2026 Art Prints","https://shop.kingdomdeath.com/products/8-5-x-11-august-2026-art-prints"
"2026-08-31","KDU#121 - August Post-Gen Con sale part 1","https://kingdomdeath.com/news/mc-4159b508ca","KDS Philosophies of Death: Gatherism","https://shop.kingdomdeath.com/products/kds-gatherism"
